Date,Price,Open,High,Low,Vol.,Change %
12/1/2017,13928.50,13625.20,14105.50,13574.60,10420000.00,0.02
12/4/2017,14712.20,14054.90,14813.30,13979.10,11520000.00,0.06
12/5/2017,14257.20,14661.60,14712.20,14156.10,11100000.00,-0.03
12/6/2017,14130.80,14206.60,14257.20,13625.20,14660000.00,-0.01
12/7/2017,13701.00,14130.80,14156.10,13599.90,8850000.00,-0.03
12/8/2017,13751.60,13751.60,13953.80,13574.60,6540000.00,0.00
12/11/2017,13043.80,13599.90,13701.00,13043.80,7050000.00,-0.05
12/12/2017,13372.40,13144.90,13372.40,12563.50,8510000.00,0.03
12/13/2017,13246.00,13372.40,13448.20,13119.60,5080000.00,-0.01
12/14/2017,13473.50,13220.70,13498.80,13220.70,3640000.00,0.02
12/15/2017,13701.00,13599.90,13852.70,13372.40,7660000.00,0.02
12/18/2017,13903.30,13953.80,14029.70,13802.10,7350000.00,0.01
12/19/2017,14080.20,14004.40,14231.90,13953.80,10790000.00,0.01
12/20/2017,14156.10,14156.10,14383.60,14054.90,7240000.00,0.01
12/21/2017,13953.80,14156.10,14282.40,13953.80,5950000.00,-0.01
12/22/2017,13928.50,13852.70,14080.20,13776.90,4610000.00,0.00
12/25/2017,14080.20,13953.80,14206.60,13953.80,3570000.00,0.01
12/26/2017,14156.10,14156.10,14257.20,14105.50,9840000.00,0.01
12/27/2017,14004.40,14181.30,14282.40,14004.40,6900000.00,-0.01
12/28/2017,14484.70,14130.80,14535.20,14080.20,10100000.00,0.03
12/29/2017,14560.50,14686.90,14838.60,14510.00,14420000.00,0.01
1/2/2018,14712.20,14611.10,14813.30,14611.10,7610000.00,0.01
1/3/2018,15268.30,14813.30,15268.30,14762.70,17420000.00,0.04
1/4/2018,15217.80,15318.90,15420.00,15167.20,11870000.00,0.00
1/5/2018,14611.10,15268.30,15318.90,14611.10,14140000.00,-0.04
1/8/2018,14914.40,14611.10,14914.40,14459.40,14180000.00,0.02
1/9/2018,15066.10,15167.20,15268.30,14838.60,9220000.00,0.01
1/10/2018,15344.10,15243.00,15571.70,15116.60,17760000.00,0.02
1/11/2018,15318.90,15344.10,15394.70,15066.10,11010000.00,0.00
1/12/2018,15824.40,15420.00,16052.00,15318.90,21390000.00,0.03
1/15/2018,16153.10,15875.00,16279.50,15571.70,10390000.00,0.02
1/16/2018,16102.50,15976.10,16228.90,15799.20,12660000.00,0.00
1/17/2018,15420.00,16077.20,16153.10,15420.00,16400000.00,-0.04
1/18/2018,15925.60,15217.80,15925.60,15015.50,13540000.00,0.03
1/19/2018,16431.10,16026.70,16557.50,15925.60,16170000.00,0.03
1/22/2018,17290.60,16683.90,17341.20,16582.80,17850000.00,0.05
1/25/2018,17897.30,17189.50,18352.30,17189.50,21140000.00,0.04
1/26/2018,17846.70,18049.00,18352.30,17442.30,13210000.00,0.00
1/29/2018,18504.00,17846.70,18756.80,17796.20,8690000.00,0.04
1/30/2018,18453.40,17998.40,18529.30,17947.90,14720000.00,0.00
1/31/2018,17240.00,18453.40,18680.90,17240.00,12450000.00,-0.07
2/1/2018,17467.60,17695.10,17947.90,17240.00,11640000.00,0.01
2/2/2018,17745.60,17593.90,17872.00,17442.30,6040000.00,0.02
2/5/2018,16507.00,17189.50,17543.40,16507.00,16280000.00,-0.07
2/6/2018,15773.90,15369.40,16330.00,15369.40,20700000.00,-0.04
2/7/2018,16683.90,16785.00,16860.90,16481.70,9110000.00,0.06
2/8/2018,15976.10,16279.50,16683.90,15976.10,4220000.00,-0.04
2/9/2018,15976.10,15116.60,15976.10,15116.60,9100000.00,0.00
2/12/2018,16987.30,16532.20,16987.30,16380.60,7790000.00,0.06
2/13/2018,17265.30,17088.40,17442.30,17088.40,6410000.00,0.02
2/21/2018,17745.60,17442.30,17998.40,17366.40,9430000.00,0.03
2/22/2018,17391.70,17492.80,17770.90,17214.80,7470000.00,-0.02
2/23/2018,17796.20,17543.40,17846.70,17417.00,7230000.00,0.02
2/26/2018,17720.30,18200.60,18301.80,17720.30,12220000.00,0.00
2/27/2018,17846.70,17846.70,17922.60,17619.20,7480000.00,0.01
2/28/2018,18655.70,17695.10,18655.70,17568.70,15770000.00,0.05
3/1/2018,19110.70,18655.70,19439.30,18605.10,15190000.00,0.02
3/2/2018,19211.80,18857.90,19338.20,18655.70,10610000.00,0.01
3/5/2018,17872.00,19414.00,19692.10,17872.00,15110000.00,-0.07
3/6/2018,19110.70,18327.00,19110.70,18099.50,12920000.00,0.07
3/7/2018,19312.90,19211.80,19666.80,18857.90,14700000.00,0.01
3/8/2018,19287.60,19262.30,19312.90,18959.00,9550000.00,0.00
3/9/2018,19616.20,19666.80,19944.90,19439.30,15750000.00,0.02
3/12/2018,19414.00,19869.00,19944.90,19363.50,8460000.00,-0.01
3/13/2018,19970.10,19515.10,19970.10,19363.50,8920000.00,0.03
3/14/2018,19818.50,20147.10,20197.70,19818.50,8450000.00,-0.01
3/15/2018,19843.80,19666.80,19894.30,19616.20,8070000.00,0.00
3/16/2018,20728.50,19970.10,20804.30,19919.60,24330000.00,0.04
3/19/2018,20728.50,20981.30,21133.00,20475.70,9060000.00,0.00
3/20/2018,20753.80,20425.20,21082.40,20425.20,8500000.00,0.00
3/21/2018,20703.20,20905.50,20930.70,20526.30,9960000.00,0.00
3/22/2018,20374.60,20880.20,20905.50,20349.30,11360000.00,-0.02
3/23/2018,20020.70,19767.90,20020.70,19262.30,16870000.00,-0.02
3/26/2018,20324.00,19869.00,20374.60,19818.50,6980000.00,0.02
3/27/2018,20222.90,20677.90,20779.10,20121.80,9550000.00,-0.01
3/28/2018,19970.10,19995.40,20222.90,19869.00,5290000.00,-0.01
3/29/2018,19717.40,19995.40,20096.50,19641.50,6540000.00,-0.01
3/30/2018,19717.40,19793.20,19818.50,19312.90,7720000.00,0.00
4/2/2018,20627.40,19970.10,20652.70,19869.00,11400000.00,0.05
4/3/2018,21335.20,20627.40,21512.10,20475.70,20820000.00,0.03
4/4/2018,21183.50,21739.70,21840.80,21183.50,10200000.00,-0.01
4/5/2018,21183.50,21335.20,21411.00,21031.80,7620000.00,0.00
4/6/2018,21183.50,21234.10,21562.70,21107.70,10400000.00,0.00
4/9/2018,22396.90,21234.10,22396.90,21183.50,15470000.00,0.06
4/10/2018,21992.40,22295.80,22447.50,21764.90,11600000.00,-0.02
4/11/2018,21133.00,22043.00,22093.60,21082.40,13980000.00,-0.04
4/12/2018,21234.10,20981.30,21461.60,20627.40,10500000.00,0.00
4/13/2018,20880.20,21486.90,21486.90,20779.10,5440000.00,-0.02
4/16/2018,20930.70,20779.10,21335.20,20273.50,5680000.00,0.00
4/17/2018,21234.10,20981.30,21234.10,20677.90,4140000.00,0.01
4/18/2018,20981.30,21335.20,21486.90,20981.30,6390000.00,-0.01
4/19/2018,20526.30,20728.50,21031.80,20450.40,8600000.00,-0.02
4/20/2018,21234.10,20526.30,21234.10,20248.20,7530000.00,0.03
4/23/2018,19767.90,21183.50,21284.60,19767.90,9840000.00,-0.07
4/24/2018,18908.40,19717.40,19818.50,18908.40,8160000.00,-0.04
4/26/2018,17593.90,18908.40,18933.70,17593.90,18380000.00,-0.07
4/27/2018,18200.60,17341.20,18554.50,17341.20,9130000.00,0.03
5/2/2018,17593.90,18352.30,18428.10,17543.40,6360000.00,-0.03
5/3/2018,17695.10,17341.20,17897.30,16532.20,8890000.00,0.01
5/4/2018,17315.90,17947.90,17998.40,17240.00,4440000.00,-0.02
5/7/2018,18402.90,17644.50,18478.70,17189.50,6470000.00,0.06
5/8/2018,18099.50,18200.60,18605.10,18099.50,6560000.00,-0.02
5/9/2018,18099.50,18049.00,18301.80,17897.30,6760000.00,0.00
5/10/2018,17341.20,17947.90,18074.20,17189.50,6620000.00,-0.04
5/11/2018,17492.80,17189.50,17492.80,16835.60,8480000.00,0.01
5/14/2018,17695.10,17695.10,17897.30,17391.70,6000000.00,0.01
5/15/2018,17947.90,17846.70,18175.40,17745.60,6650000.00,0.01
5/16/2018,17442.30,17745.60,17947.90,17290.60,5450000.00,-0.03
5/17/2018,16987.30,17492.80,17644.50,16987.30,7530000.00,-0.03
5/18/2018,16683.90,17189.50,17265.30,16178.30,7620000.00,-0.02
5/21/2018,16178.30,16835.60,16936.70,16178.30,6290000.00,-0.03
5/22/2018,15192.50,15672.80,16279.50,15066.10,13280000.00,-0.06
5/23/2018,15773.90,15167.20,15773.90,15066.10,11760000.00,0.04
5/24/2018,15394.70,15672.80,15900.30,15344.10,5040000.00,-0.02
5/25/2018,14914.40,15394.70,15748.60,14914.40,7770000.00,-0.03
5/28/2018,13903.30,14914.40,14914.40,13878.00,15330000.00,-0.07
5/29/2018,14863.90,14408.80,14863.90,14054.90,8580000.00,0.07
5/30/2018,15141.90,14762.70,15420.00,14762.70,9760000.00,0.02
5/31/2018,16178.30,15116.60,16178.30,14965.00,13650000.00,0.07
6/1/2018,16355.30,16178.30,16633.40,16077.20,15320000.00,0.01
6/4/2018,16886.10,16330.00,17037.80,15976.10,9530000.00,0.03
6/5/2018,16936.70,16785.00,16962.00,16507.00,10490000.00,0.00
6/6/2018,17138.90,16734.50,17189.50,16582.80,7490000.00,0.01
6/7/2018,16860.90,17189.50,17214.80,16835.60,9100000.00,-0.02
6/8/2018,17189.50,16785.00,17189.50,16683.90,7580000.00,0.02
6/11/2018,17214.80,16911.40,17644.50,16886.10,7710000.00,0.00
6/12/2018,16987.30,17037.80,17240.00,16431.10,13000000.00,-0.01
6/13/2018,17164.20,17037.80,17189.50,16886.10,5310000.00,0.01
6/14/2018,16481.70,17164.20,17341.20,16481.70,7840000.00,-0.04
6/15/2018,16936.70,16431.10,16936.70,16228.90,6690000.00,0.03
6/18/2018,15799.20,16683.90,16936.70,15773.90,10900000.00,-0.07
6/19/2018,15672.80,15217.80,15672.80,14712.20,15790000.00,-0.01
6/20/2018,15925.60,15698.00,16127.80,15369.40,5910000.00,0.02
6/21/2018,15622.20,15698.00,15824.40,15420.00,5270000.00,-0.02
6/22/2018,15976.10,15318.90,16026.70,15217.80,5980000.00,0.02
6/25/2018,16001.40,16279.50,16279.50,15976.10,4320000.00,0.00
6/26/2018,15875.00,15672.80,15976.10,15647.50,3050000.00,-0.01
6/27/2018,15015.50,15875.00,16026.70,15015.50,5590000.00,-0.05
6/28/2018,14408.80,14813.30,15066.10,14408.80,9720000.00,-0.04
6/29/2018,14408.80,14459.40,14762.70,14257.20,3850000.00,0.00
7/2/2018,13903.30,14156.10,14358.30,13448.20,12780000.00,-0.04
7/3/2018,13043.80,14004.40,14080.20,13043.80,10840000.00,-0.06
7/4/2018,13776.90,13144.90,13802.10,12740.40,7160000.00,0.06
7/5/2018,13574.60,13650.50,13827.40,12942.70,5350000.00,-0.01
7/6/2018,14459.40,13574.60,14510.00,13296.60,12810000.00,0.07
7/9/2018,14054.90,14484.70,14661.60,13953.80,5510000.00,-0.03
7/10/2018,13979.10,14054.90,14333.00,13953.80,4220000.00,-0.01
7/11/2018,13144.90,13423.00,13574.60,13043.80,9930000.00,-0.06
7/12/2018,13195.50,13144.90,13675.80,13043.80,4230000.00,0.00
7/13/2018,13878.00,13549.40,13903.30,13246.00,6010000.00,0.05
7/16/2018,13802.10,13903.30,14080.20,13675.80,4250000.00,-0.01
7/17/2018,14054.90,13650.50,14105.50,13524.10,6020000.00,0.02
7/18/2018,14762.70,14257.20,14788.00,14181.30,9830000.00,0.05
7/19/2018,14611.10,14661.60,14863.90,14510.00,6440000.00,-0.01
7/20/2018,14737.50,14434.10,14737.50,14181.30,8190000.00,0.01
7/23/2018,14231.90,14560.50,14762.70,14231.90,7550000.00,-0.03
7/24/2018,13852.70,14231.90,14257.20,13726.30,5030000.00,-0.03
7/25/2018,13397.70,13852.70,14054.90,13397.70,4880000.00,-0.03
7/26/2018,14004.40,13397.70,14004.40,13296.60,6330000.00,0.05
7/27/2018,14105.50,14105.50,14307.70,13979.10,4830000.00,0.01
7/30/2018,14459.40,14206.60,14459.40,14105.50,6760000.00,0.03
7/31/2018,14611.10,14459.40,14762.70,14257.20,11960000.00,0.01
8/1/2018,14661.60,14611.10,15116.60,14560.50,8550000.00,0.00
8/2/2018,14838.60,14459.40,14838.60,14307.70,7940000.00,0.01
8/3/2018,14686.90,15015.50,15015.50,14636.30,4720000.00,-0.01
8/6/2018,14459.40,14611.10,14762.70,14358.30,3500000.00,-0.02
8/7/2018,14636.30,14408.80,14737.50,14358.30,3830000.00,0.01
8/8/2018,14939.70,14737.50,14965.00,14661.60,4730000.00,0.02
8/9/2018,14965.00,15015.50,15369.40,14965.00,7240000.00,0.00
8/10/2018,15318.90,14965.00,15344.10,14889.10,6210000.00,0.02
8/13/2018,15925.60,15217.80,15925.60,15141.90,8050000.00,0.04
8/14/2018,15672.80,15824.40,15875.00,15622.20,5870000.00,-0.02
8/15/2018,15167.20,15672.80,15723.30,15066.10,5870000.00,-0.03
8/16/2018,15066.10,15066.10,15091.40,14686.90,6300000.00,-0.01
8/17/2018,15015.50,15318.90,15369.40,15015.50,5150000.00,0.00
8/20/2018,14737.50,15015.50,15116.60,14712.20,4010000.00,-0.02
8/21/2018,15470.50,14737.50,15470.50,14737.50,6820000.00,0.05
8/22/2018,15268.30,15622.20,15622.20,15268.30,4480000.00,-0.01
8/23/2018,15445.30,15293.60,15521.10,15217.80,3480000.00,0.01
8/24/2018,15268.30,15445.30,15521.10,15167.20,4760000.00,-0.01
8/27/2018,15596.90,15420.00,15799.20,15369.40,7500000.00,0.02
8/28/2018,16026.70,15672.80,16127.80,15647.50,12050000.00,0.03
8/29/2018,16127.80,15925.60,16153.10,15799.20,7200000.00,0.01
8/30/2018,16304.70,16001.40,16304.70,15875.00,7390000.00,0.01
8/31/2018,15976.10,16102.50,16304.70,15976.10,5130000.00,-0.02
9/4/2018,15521.10,15824.40,15976.10,15495.80,5470000.00,-0.03
9/5/2018,15622.20,15420.00,15647.50,15268.30,6270000.00,0.01
9/6/2018,15622.20,15546.40,15672.80,15470.50,3490000.00,0.00
9/7/2018,15925.60,15622.20,15925.60,15596.90,6650000.00,0.02
9/10/2018,15824.40,15824.40,15976.10,15799.20,4390000.00,-0.01
9/11/2018,16279.50,15723.30,16279.50,15723.30,9800000.00,0.03
9/12/2018,16026.70,16405.90,16431.10,16026.70,7480000.00,-0.02
9/13/2018,16077.20,16153.10,16279.50,16026.70,4520000.00,0.00
9/14/2018,16228.90,16077.20,16380.60,16077.20,5370000.00,0.01
9/17/2018,15824.40,16077.20,16203.60,15824.40,3650000.00,-0.02
9/18/2018,16178.30,15672.80,16178.30,15571.70,5820000.00,0.02
9/19/2018,16304.70,16279.50,16380.60,16178.30,7800000.00,0.01
9/20/2018,16481.70,16279.50,16582.80,16254.20,7770000.00,0.01
9/21/2018,16633.40,16683.90,16785.00,16507.00,12000000.00,0.01
9/24/2018,16759.80,16810.30,16860.90,16658.60,5100000.00,0.01
9/25/2018,16658.60,16658.60,16835.60,16582.80,5560000.00,-0.01
9/26/2018,16683.90,16633.40,16886.10,16633.40,4990000.00,0.00
9/27/2018,16987.30,16785.00,17088.40,16683.90,7360000.00,0.02
9/28/2018,16936.70,17037.80,17088.40,16936.70,5480000.00,0.00
10/1/2018,16785.00,16936.70,16987.30,16734.50,4600000.00,-0.01
10/2/2018,16709.20,16709.20,16911.40,16658.60,5060000.00,0.00
10/3/2018,16860.90,16785.00,16860.90,16683.90,4390000.00,0.01
10/4/2018,17356.00,17043.30,17356.00,16939.00,6350000.00,0.03
10/5/2018,16991.20,17199.60,17356.00,16991.20,5920000.00,-0.02
10/8/2018,16965.10,16886.90,17121.50,16756.60,4220000.00,0.00
10/9/2018,17017.20,16965.10,17095.40,16913.00,2260000.00,0.00
10/10/2018,16991.20,17043.30,17095.40,16678.40,4110000.00,0.00
10/11/2018,15818.50,16261.50,16626.30,15818.50,16810000.00,-0.07
10/12/2018,16131.20,15688.20,16209.40,15349.40,8390000.00,0.02
10/15/2018,15792.40,16131.20,16131.20,15714.20,3130000.00,-0.02
10/16/2018,15818.50,15844.50,15896.60,15636.00,3630000.00,0.00
10/17/2018,16053.00,16105.10,16131.20,15948.80,4340000.00,0.01
10/18/2018,15844.50,15896.60,16053.00,15792.40,3460000.00,-0.01
10/19/2018,15714.20,15583.90,15896.60,15479.70,3910000.00,-0.01
10/22/2018,15636.00,15896.60,16000.90,15636.00,3910000.00,-0.01
10/23/2018,15114.80,15375.40,15531.80,14880.30,7600000.00,-0.03
10/24/2018,14750.00,15114.80,15297.30,14750.00,7240000.00,-0.02
10/25/2018,14593.60,13811.80,14697.90,13811.80,6970000.00,-0.01
10/26/2018,14359.10,14776.10,14854.20,14359.10,4210000.00,-0.02
10/29/2018,14280.90,14333.00,14359.10,14124.60,3340000.00,-0.01
10/30/2018,14333.00,14333.00,14671.80,14150.60,3330000.00,0.00
10/31/2018,14932.40,14593.60,15010.60,14515.50,4100000.00,0.04
11/1/2018,14593.60,14984.50,15010.60,14567.60,4020000.00,-0.02
11/2/2018,15010.60,14723.90,15114.80,14645.80,5680000.00,0.03
11/5/2018,15062.70,14802.10,15167.00,14750.00,3110000.00,0.00
11/6/2018,14906.40,15167.00,15219.10,14906.40,3410000.00,-0.01
11/7/2018,14854.20,14906.40,14984.50,14619.70,3180000.00,0.00
11/8/2018,14932.40,15114.80,15114.80,14932.40,3000000.00,0.01
11/9/2018,14489.40,14854.20,14906.40,14489.40,2600000.00,-0.03
11/12/2018,14750.00,14333.00,14750.00,14228.80,3190000.00,0.02
11/13/2018,14515.50,14333.00,14671.80,14333.00,2030000.00,-0.02
11/14/2018,14489.40,14515.50,14697.90,14254.90,1950000.00,0.00
11/15/2018,14385.20,14489.40,14541.50,14254.90,1880000.00,-0.01
11/16/2018,14437.30,14489.40,14593.60,14333.00,2400000.00,0.00
11/19/2018,14854.20,14541.50,14854.20,14541.50,3600000.00,0.03
11/20/2018,14802.10,14671.80,14828.20,14671.80,2280000.00,0.00
11/21/2018,15062.70,14593.60,15062.70,14541.50,2750000.00,0.02
11/22/2018,14932.40,15062.70,15114.80,14880.30,2010000.00,-0.01
11/23/2018,14541.50,14932.40,14932.40,14541.50,2310000.00,-0.03
11/26/2018,14489.40,14437.30,14567.60,14437.30,1880000.00,0.00
11/27/2018,14567.60,14567.60,14697.90,14489.40,2750000.00,0.01
11/28/2018,14697.90,14567.60,14697.90,14463.30,2640000.00,0.01
11/29/2018,14750.00,14854.20,14984.50,14723.90,3580000.00,0.00
11/30/2018,14854.20,14723.90,14854.20,14671.80,1830000.00,0.01
12/3/2018,15453.60,15167.00,15453.60,15114.80,6210000.00,0.04
12/4/2018,15349.40,15375.40,15505.70,15245.10,3630000.00,-0.01
12/5/2018,15375.40,15167.00,15427.60,15114.80,5040000.00,0.00
12/6/2018,15323.30,15323.30,15427.60,15271.20,4320000.00,0.00
12/7/2018,15453.60,15375.40,15583.90,15375.40,3750000.00,0.01
12/10/2018,15245.10,15271.20,15375.40,15245.10,1800000.00,-0.01
12/11/2018,15193.00,15245.10,15323.30,15140.90,1440000.00,0.00
12/12/2018,15453.60,15297.30,15453.60,15219.10,1600000.00,0.02
12/13/2018,15479.70,15531.80,15636.00,15479.70,3260000.00,0.00
12/14/2018,15271.20,15323.30,15453.60,15271.20,2020000.00,-0.01
12/17/2018,14880.30,15167.00,15245.10,14880.30,2720000.00,-0.03
12/18/2018,14697.90,14489.40,14880.30,14489.40,3340000.00,-0.01
12/19/2018,14645.80,14828.20,14828.20,14541.50,2280000.00,0.00
12/20/2018,14671.80,14619.70,14854.20,14567.60,1570000.00,0.00
12/21/2018,14515.50,14593.60,14593.60,14515.50,2280000.00,-0.01
12/24/2018,14072.40,14489.40,14593.60,14020.30,3530000.00,-0.03
12/25/2018,13994.30,13785.80,14020.30,13447.00,4740000.00,-0.01
12/26/2018,13890.00,13968.20,14124.60,13864.00,1880000.00,-0.01
12/27/2018,14072.40,14176.70,14307.00,14072.40,2040000.00,0.01
12/28/2018,13890.00,14072.40,14124.60,13864.00,1810000.00,-0.01
1/2/2019,13811.80,13916.10,14020.30,13681.50,2060000.00,-0.01
1/3/2019,13551.20,13811.80,13811.80,13420.90,2830000.00,-0.02
1/4/2019,13551.20,13551.20,13655.50,13264.60,2090000.00,0.00
1/7/2019,13577.30,13968.20,13968.20,13577.30,1250000.00,0.00
1/8/2019,13394.90,13629.40,13629.40,13368.80,2210000.00,-0.01
1/9/2019,13420.90,13551.20,13603.40,13394.90,2790000.00,0.00
1/10/2019,13316.70,13394.90,13525.20,13316.70,2050000.00,-0.01
1/11/2019,13629.40,13394.90,13707.60,13394.90,3080000.00,0.02
1/14/2019,13447.00,13655.50,13655.50,13447.00,1320000.00,-0.01
1/15/2019,13551.20,13447.00,13577.30,13420.90,1690000.00,0.01
1/16/2019,13420.90,13577.30,13603.40,13368.80,2480000.00,-0.01
1/17/2019,13134.30,13420.90,13447.00,13108.20,3140000.00,-0.02
1/18/2019,13108.20,13134.30,13212.50,12977.90,2580000.00,0.00
1/21/2019,13342.80,13108.20,13499.10,13108.20,2880000.00,0.02
1/22/2019,13316.70,13342.80,13499.10,13316.70,1960000.00,0.00
1/23/2019,13264.60,13238.50,13394.90,13186.40,2010000.00,0.00
1/24/2019,13316.70,13394.90,13447.00,13290.60,2070000.00,0.00
1/25/2019,13655.50,13316.70,13707.60,13316.70,4100000.00,0.03
1/28/2019,13577.30,13655.50,13733.70,13525.20,2140000.00,-0.01
1/29/2019,13655.50,13629.40,13655.50,13473.10,1710000.00,0.01
1/30/2019,13551.20,13655.50,13655.50,13551.20,1650000.00,-0.01
1/31/2019,13603.40,13603.40,13811.80,13473.10,2660000.00,0.00
2/1/2019,13603.40,13499.10,13655.50,13499.10,1670000.00,0.00
2/11/2019,14020.30,13707.60,14020.30,13655.50,3300000.00,0.03
2/12/2019,14150.60,14020.30,14333.00,13968.20,5960000.00,0.01
2/13/2019,14176.70,14202.70,14333.00,14150.60,3940000.00,0.00
2/14/2019,14124.60,14124.60,14228.80,14098.50,2410000.00,0.00
2/15/2019,13994.30,14072.40,14150.60,13942.10,3100000.00,-0.01
2/18/2019,14124.60,14150.60,14202.70,14046.40,2970000.00,0.01
2/19/2019,14202.70,14124.60,14411.20,14124.60,5780000.00,0.01
2/20/2019,14333.00,14202.70,14385.20,14202.70,3900000.00,0.01
2/21/2019,14541.50,14359.10,14541.50,14333.00,4860000.00,0.01
2/22/2019,14723.90,14593.60,14750.00,14437.30,5300000.00,0.01
2/25/2019,14906.40,14854.20,15010.60,14828.20,5530000.00,0.01
2/26/2019,14854.20,14750.00,14958.50,14671.80,4850000.00,0.00
2/27/2019,14723.90,14854.20,14906.40,14723.90,2100000.00,-0.01
2/28/2019,14541.50,14697.90,14854.20,14463.30,3870000.00,-0.01
3/1/2019,14697.90,14541.50,14697.90,14541.50,1770000.00,0.01
3/4/2019,15062.70,14750.00,15088.80,14750.00,3900000.00,0.02
3/5/2019,15010.60,15010.60,15167.00,14854.20,3310000.00,0.00
3/6/2019,15010.60,15114.80,15114.80,14880.30,1530000.00,0.00
3/7/2019,14984.50,14880.30,15140.90,14880.30,3220000.00,0.00
3/8/2019,14828.20,14854.20,14958.50,14802.10,2890000.00,-0.01
3/11/2019,14906.40,14828.20,14906.40,14723.90,2010000.00,0.01
3/12/2019,15010.60,15062.70,15062.70,14802.10,1710000.00,0.01
3/13/2019,15323.30,15062.70,15349.40,15062.70,4490000.00,0.02
3/14/2019,15349.40,15375.40,15427.60,15193.00,1920000.00,0.00
3/15/2019,15375.40,15375.40,15375.40,15193.00,2600000.00,0.00
3/18/2019,15219.10,15401.50,15401.50,15140.90,2530000.00,-0.01
3/19/2019,15062.70,15271.20,15323.30,15062.70,2000000.00,-0.01
3/20/2019,14880.30,15062.70,15062.70,14723.90,2380000.00,-0.01
3/21/2019,14228.80,14880.30,14906.40,14228.80,2910000.00,-0.04
3/22/2019,14333.00,14385.20,14567.60,14280.90,2070000.00,0.01
3/25/2019,13968.20,13968.20,14124.60,13864.00,2350000.00,-0.03
3/26/2019,14124.60,14124.60,14228.80,14046.40,1120000.00,0.01
3/27/2019,14124.60,14333.00,14333.00,14098.50,1340000.00,0.00
3/28/2019,14098.50,14124.60,14176.70,14046.40,1060000.00,0.00
3/29/2019,14176.70,14228.80,14254.90,14098.50,2400000.00,0.01
4/1/2019,14437.30,14280.90,14489.40,14202.70,1710000.00,0.02
4/2/2019,14437.30,14593.60,14619.70,14280.90,1040000.00,0.00
4/3/2019,14254.90,14333.00,14385.20,14254.90,853600.00,-0.01
4/4/2019,14228.80,14280.90,14411.20,14228.80,1220000.00,0.00
4/5/2019,14333.00,14228.80,14359.10,14228.80,1160000.00,0.01
4/8/2019,14489.40,14359.10,14489.40,14333.00,1930000.00,0.01
4/9/2019,14593.60,14541.50,14619.70,14489.40,3250000.00,0.01
4/10/2019,14307.00,14333.00,14541.50,14280.90,1380000.00,-0.02
4/11/2019,14202.70,14333.00,14385.20,14202.70,1090000.00,-0.01
4/12/2019,14072.40,14202.70,14202.70,14072.40,1390000.00,-0.01
4/16/2019,13942.10,14046.40,14046.40,13864.00,1890000.00,-0.01
4/17/2019,13837.90,13942.10,14072.40,13811.80,1990000.00,-0.01
4/18/2019,13551.20,13811.80,13864.00,13473.10,3180000.00,-0.02
4/19/2019,13551.20,13733.70,13759.70,13525.20,1240000.00,0.00
4/22/2019,13134.30,13394.90,13525.20,13030.00,3590000.00,-0.03
4/23/2019,13108.20,13134.30,13212.50,13056.10,2840000.00,0.00
4/24/2019,13394.90,13238.50,13420.90,13186.40,1300000.00,0.02
4/25/2019,13290.60,13394.90,13394.90,13238.50,2120000.00,-0.01
4/26/2019,13447.00,13342.80,13447.00,13212.50,2830000.00,0.01
5/2/2019,13342.80,13473.10,13577.30,13342.80,1610000.00,-0.01
5/3/2019,13499.10,13238.50,13499.10,13238.50,1820000.00,0.01
5/6/2019,13134.30,13290.60,13290.60,13004.00,4600000.00,-0.03
5/7/2019,12977.90,13290.60,13316.70,12925.80,4210000.00,-0.01
5/8/2019,12873.70,12873.70,13056.10,12743.40,2390000.00,-0.01
5/9/2019,12821.60,12951.90,13004.00,12769.40,1680000.00,0.00
5/10/2019,13056.10,12873.70,13108.20,12821.60,2110000.00,0.02
5/13/2019,13134.30,13082.20,13160.30,13030.00,1410000.00,0.01
5/14/2019,13056.10,13030.00,13108.20,12951.90,4270000.00,-0.01
5/15/2019,13420.90,13186.40,13499.10,13082.20,4820000.00,0.03
5/16/2019,13316.70,13420.90,13499.10,13316.70,1830000.00,-0.01
5/17/2019,13394.90,13316.70,13499.10,13290.60,3650000.00,0.01
5/20/2019,13603.40,13420.90,13629.40,13368.80,4990000.00,0.02
5/21/2019,13577.30,13655.50,13707.60,13525.20,2850000.00,0.00
5/22/2019,13577.30,13551.20,13681.50,13525.20,2770000.00,0.00
5/23/2019,13577.30,13394.90,13577.30,13394.90,2040000.00,0.00
5/24/2019,13316.70,13499.10,13525.20,13264.60,3540000.00,-0.02
5/27/2019,13212.50,13316.70,13342.80,13212.50,1270000.00,-0.01
5/28/2019,13134.30,13186.40,13212.50,13056.10,2210000.00,-0.01
5/29/2019,13056.10,13134.30,13186.40,13004.00,1430000.00,-0.01
5/30/2019,13082.20,13056.10,13212.50,12951.90,1310000.00,0.00
5/31/2019,12951.90,13082.20,13134.30,12951.90,1680000.00,-0.01
6/3/2019,12899.70,12873.70,12951.90,12795.50,2000000.00,0.00
6/4/2019,12925.80,12951.90,12977.90,12795.50,1180000.00,0.00
6/5/2019,12951.90,13108.20,13108.20,12951.90,1450000.00,0.00
6/6/2019,12873.70,12925.80,12977.90,12743.40,2050000.00,-0.01
6/7/2019,13056.10,12977.90,13056.10,12977.90,1080000.00,0.01
6/10/2019,13134.30,13108.20,13212.50,13082.20,1580000.00,0.01
6/11/2019,13134.30,13134.30,13160.30,13082.20,915160.00,0.00
6/12/2019,12951.90,13134.30,13134.30,12925.80,904850.00,-0.01
6/13/2019,12925.80,12873.70,12977.90,12847.60,1120000.00,0.00
6/14/2019,12925.80,12925.80,13056.10,12925.80,668230.00,0.00
6/17/2019,12821.60,12873.70,12977.90,12821.60,1020000.00,-0.01
6/18/2019,12743.40,12821.60,12873.70,12743.40,1550000.00,-0.01
6/19/2019,12925.80,12847.60,12951.90,12821.60,1110000.00,0.01
6/20/2019,13082.20,12951.90,13160.30,12925.80,2360000.00,0.01
6/21/2019,13082.20,13082.20,13238.50,13082.20,3020000.00,0.00
6/24/2019,12977.90,13134.30,13160.30,12873.70,3230000.00,-0.01
6/25/2019,12951.90,12899.70,13030.00,12899.70,1210000.00,0.00
6/26/2019,12925.80,12899.70,13004.00,12899.70,1840000.00,0.00
6/27/2019,12821.60,12873.70,12925.80,12769.40,2530000.00,-0.01
6/28/2019,12925.80,12925.80,12925.80,12795.50,1040000.00,0.01
7/1/2019,13030.00,13056.10,13082.20,12925.80,1610000.00,0.01
7/2/2019,12899.70,13030.00,13056.10,12873.70,887770.00,-0.01
7/3/2019,12951.90,12977.90,12977.90,12873.70,807690.00,0.00
7/4/2019,13134.30,12951.90,13186.40,12899.70,3190000.00,0.01
7/5/2019,13212.50,13290.60,13290.60,13134.30,3290000.00,0.01
7/8/2019,13082.20,13212.50,13212.50,13030.00,1670000.00,-0.01
7/9/2019,13056.10,13056.10,13108.20,12951.90,1690000.00,0.00
7/10/2019,12977.90,13056.10,13160.30,12977.90,1590000.00,-0.01
7/11/2019,13082.20,13082.20,13108.20,13030.00,1480000.00,0.01
7/12/2019,13056.10,13160.30,13212.50,13030.00,1960000.00,0.00
7/15/2019,13030.00,13030.00,13056.10,12977.90,1290000.00,0.00
7/16/2019,13030.00,13004.00,13082.20,13004.00,1490000.00,0.00
7/17/2019,13447.00,13082.20,13499.10,13030.00,6280000.00,0.03
7/18/2019,13316.70,13316.70,13420.90,13290.60,2170000.00,-0.01
7/19/2019,13342.80,13368.80,13447.00,13316.70,2490000.00,0.00
7/22/2019,13056.10,13238.50,13264.60,12977.90,3090000.00,-0.02
7/23/2019,13082.20,13134.30,13160.30,13030.00,1380000.00,0.00
7/24/2019,12873.70,13160.30,13160.30,12847.60,2580000.00,-0.02
7/25/2019,12691.30,12847.60,12925.80,12665.20,2980000.00,-0.01
7/26/2019,12717.30,12691.30,12795.50,12587.00,1610000.00,0.00
7/29/2019,12561.00,12743.40,12769.40,12561.00,1010000.00,-0.01
7/30/2019,12170.10,12561.00,12691.30,12170.10,2400000.00,-0.03
7/31/2019,12091.90,12039.80,12170.10,11935.50,2560000.00,-0.01
8/1/2019,12144.00,12091.90,12222.20,12039.80,741280.00,0.00
8/2/2019,12013.70,11987.60,12117.90,11883.40,1580000.00,-0.01
8/5/2019,11622.80,11987.60,12013.70,11622.80,2430000.00,-0.03
8/6/2019,11284.00,11362.20,11414.30,11205.80,3240000.00,-0.03
8/7/2019,11049.50,11284.00,11466.40,11023.40,3070000.00,-0.02
8/8/2019,11049.50,11049.50,11310.10,10814.90,4350000.00,0.00
8/9/2019,11466.40,11284.00,11570.70,11205.80,3700000.00,0.04
8/12/2019,11544.60,11518.60,11596.70,11362.20,1820000.00,0.01
8/13/2019,11388.30,11336.10,11388.30,11258.00,1890000.00,-0.01
8/14/2019,11362.20,11466.40,11492.50,11336.10,2330000.00,0.00
8/15/2019,11388.30,11205.80,11388.30,10997.40,3790000.00,0.00
8/16/2019,11596.70,11388.30,11883.40,11310.10,4210000.00,0.02
8/19/2019,11570.70,11753.10,11753.10,11466.40,1440000.00,0.00
8/20/2019,11518.60,11570.70,11674.90,11492.50,2180000.00,0.00
8/21/2019,11727.00,11466.40,11727.00,11440.40,3830000.00,0.02
8/22/2019,11674.90,11753.10,11805.20,11622.80,1670000.00,0.00
8/23/2019,11622.80,11674.90,11674.90,11518.60,1470000.00,0.00
8/26/2019,11258.00,11205.80,11414.30,11205.80,2890000.00,-0.03
8/27/2019,11153.70,11336.10,11362.20,11127.70,2120000.00,-0.01
8/28/2019,11127.70,11153.70,11231.90,11101.60,832080.00,0.00
8/29/2019,11023.40,11101.60,11153.70,10997.40,1390000.00,-0.01
8/30/2019,11205.80,11101.60,11231.90,11101.60,1210000.00,0.02
9/3/2019,11179.80,11127.70,11205.80,11023.40,921410.00,0.00
9/4/2019,11153.70,11127.70,11153.70,11023.40,1050000.00,0.00
9/5/2019,11101.60,11205.80,11231.90,11049.50,1240000.00,0.00
9/6/2019,10997.40,10997.40,11127.70,10997.40,799940.00,-0.01
9/9/2019,10893.10,10945.20,10997.40,10841.00,1460000.00,-0.01
9/10/2019,10788.90,11049.50,11049.50,10788.90,1870000.00,-0.01
9/11/2019,10814.90,10841.00,10867.10,10736.80,963490.00,0.00
9/12/2019,10867.10,10867.10,10945.20,10814.90,1150000.00,0.00
9/13/2019,11127.70,10893.10,11205.80,10867.10,4860000.00,0.02
9/16/2019,11179.80,11205.80,11336.10,11179.80,3930000.00,0.00
9/17/2019,11284.00,11179.80,11284.00,11101.60,2190000.00,0.01
9/18/2019,11258.00,11336.10,11414.30,11231.90,3430000.00,0.00
9/19/2019,11336.10,11336.10,11336.10,11153.70,2500000.00,0.01
9/20/2019,11179.80,11362.20,11362.20,11127.70,5710000.00,-0.01
9/23/2019,11127.70,11258.00,11284.00,11127.70,2560000.00,0.00
9/24/2019,11284.00,11127.70,11440.40,11101.60,4060000.00,0.01
9/25/2019,11284.00,11258.00,11336.10,11179.80,2480000.00,0.00
9/26/2019,11805.20,11362.20,11805.20,11362.20,10800000.00,0.05
9/27/2019,12091.90,11857.30,12117.90,11779.20,6860000.00,0.02
9/30/2019,11987.60,12170.10,12196.10,11961.60,4800000.00,-0.01
10/1/2019,12065.80,11935.50,12091.90,11909.50,5080000.00,0.01
10/2/2019,12196.10,12039.80,12352.50,11987.60,6320000.00,0.01
10/3/2019,12196.10,12065.80,12248.20,11987.60,3420000.00,0.00
10/4/2019,11766.20,12419.90,12419.90,11766.20,5810000.00,-0.04
10/7/2019,11493.90,11793.50,11875.20,11493.90,2960000.00,-0.02
10/8/2019,11657.30,11466.60,11739.00,11466.60,2170000.00,0.01
10/9/2019,11602.80,11711.70,11766.20,11548.30,2750000.00,0.00
10/10/2019,11602.80,11602.80,11711.70,11575.60,2510000.00,0.00
10/11/2019,11602.80,11630.00,11657.30,11548.30,3160000.00,0.00
10/14/2019,11847.90,11711.70,11929.60,11711.70,4430000.00,0.02
10/15/2019,11766.20,11902.40,11902.40,11739.00,1990000.00,-0.01
10/16/2019,11739.00,11820.70,11820.70,11711.70,2370000.00,0.00
10/17/2019,11630.00,11739.00,11739.00,11602.80,1850000.00,-0.01
10/18/2019,11493.90,11602.80,11711.70,11493.90,2180000.00,-0.01
10/21/2019,11330.40,11384.90,11439.40,11330.40,2350000.00,-0.01
10/22/2019,11384.90,11384.90,11412.10,11248.70,1790000.00,0.00
10/23/2019,11330.40,11357.70,11439.40,11330.40,1250000.00,0.00
10/24/2019,11602.80,11384.90,11602.80,11357.70,2460000.00,0.02
10/25/2019,11602.80,11602.80,11684.50,11575.60,1960000.00,0.00
10/28/2019,11575.60,11711.70,11793.50,11575.60,2550000.00,0.00
10/29/2019,11521.10,11575.60,11657.30,11521.10,1970000.00,0.00
10/30/2019,11630.00,11521.10,11657.30,11521.10,1790000.00,0.01
10/31/2019,11630.00,11657.30,11684.50,11439.40,3030000.00,0.00
11/1/2019,11711.70,11602.80,11820.70,11521.10,5260000.00,0.01
11/4/2019,11847.90,11766.20,11902.40,11739.00,5580000.00,0.01
11/5/2019,11875.20,11902.40,11956.90,11847.90,3610000.00,0.00
11/6/2019,11820.70,11875.20,11902.40,11793.50,2620000.00,0.00
11/7/2019,12011.30,11820.70,12093.10,11793.50,4980000.00,0.02
11/8/2019,12011.30,12120.30,12147.50,11956.90,4040000.00,0.00
11/11/2019,11820.70,12011.30,12011.30,11820.70,3050000.00,-0.02
11/12/2019,11793.50,11820.70,11929.60,11793.50,2580000.00,0.00
11/13/2019,11793.50,11820.70,11847.90,11711.70,2190000.00,0.00
11/14/2019,11684.50,11766.20,11820.70,11602.80,2690000.00,-0.01
11/15/2019,11493.90,11657.30,11684.50,11493.90,2750000.00,-0.02
11/18/2019,11439.40,11521.10,11548.30,11412.10,1850000.00,0.00
11/19/2019,11493.90,11439.40,11575.60,11439.40,1530000.00,0.00
11/20/2019,11384.90,11521.10,11521.10,11384.90,2110000.00,-0.01
11/21/2019,11112.50,11384.90,11384.90,11112.50,3530000.00,-0.02
11/22/2019,10949.10,11221.50,11248.70,10921.90,3210000.00,-0.01
11/25/2019,11030.80,11003.60,11058.10,10921.90,1620000.00,0.01
11/26/2019,10894.60,11058.10,11112.50,10894.60,2810000.00,-0.01
11/27/2019,10812.90,10949.10,10949.10,10812.90,3080000.00,-0.01
11/28/2019,10812.90,10840.20,10894.60,10758.50,1920000.00,0.00
11/29/2019,10785.70,10812.90,10867.40,10785.70,1700000.00,0.00
12/2/2019,10622.30,10785.70,10867.40,10622.30,2590000.00,-0.02
12/3/2019,10513.30,10486.10,10676.80,10486.10,2050000.00,-0.01
12/4/2019,10785.70,10540.60,10785.70,10513.30,1790000.00,0.03
12/5/2019,10676.80,10840.20,10894.60,10676.80,1220000.00,-0.01
12/6/2019,10622.30,10704.00,10731.20,10622.30,1030000.00,-0.01
12/9/2019,10676.80,10622.30,10812.90,10595.00,1430000.00,0.01
12/10/2019,10458.90,10676.80,10676.80,10404.40,2090000.00,-0.02
12/11/2019,10349.90,10431.60,10513.30,10213.70,2380000.00,-0.01
12/12/2019,10567.80,10431.60,10567.80,10322.70,2510000.00,0.02
12/13/2019,10458.90,10622.30,10649.50,10458.90,1750000.00,-0.01
12/16/2019,10377.10,10458.90,10513.30,10349.90,1400000.00,-0.01
12/17/2019,10159.30,10404.40,10431.60,10159.30,2650000.00,-0.02
12/18/2019,10023.10,10213.70,10268.20,10023.10,2330000.00,-0.01
12/19/2019,9859.70,10023.10,10132.00,9859.70,1680000.00,-0.02
12/20/2019,9968.60,9914.10,10050.30,9859.70,2200000.00,0.01
12/23/2019,9995.80,9968.60,10077.50,9968.60,1840000.00,0.00
12/24/2019,9995.80,9968.60,10050.30,9914.10,1490000.00,0.00
12/25/2019,9914.10,9995.80,9995.80,9886.90,1550000.00,-0.01
12/26/2019,9941.40,9886.90,9968.60,9859.70,1210000.00,0.00
12/27/2019,9859.70,9886.90,9941.40,9832.40,2120000.00,-0.01
12/30/2019,9886.90,9968.60,10050.30,9859.70,1840000.00,0.00
12/31/2019,9832.40,9886.90,9914.10,9832.40,1800000.00,-0.01
1/2/2020,10023.10,9859.70,10023.10,9832.40,1680000.00,0.02
1/3/2020,9941.40,10077.50,10132.00,9886.90,1190000.00,-0.01
1/6/2020,9914.10,9886.90,9968.60,9832.40,2280000.00,0.00
1/7/2020,9941.40,9914.10,9968.60,9886.90,1090000.00,0.00
1/8/2020,9669.00,9832.40,9859.70,9560.10,4440000.00,-0.03
1/9/2020,9777.90,9777.90,9832.40,9723.50,1950000.00,0.01
1/10/2020,9968.60,9805.20,9995.80,9750.70,3500000.00,0.02
1/13/2020,9968.60,9914.10,10077.50,9914.10,1910000.00,0.00
1/14/2020,10023.10,9968.60,10050.30,9941.40,1810000.00,0.01
1/15/2020,10023.10,10050.30,10050.30,9968.60,1410000.00,0.00
1/16/2020,10404.40,10023.10,10404.40,10023.10,4040000.00,0.04
1/17/2020,10486.10,10458.90,10622.30,10349.90,4800000.00,0.01
1/20/2020,10486.10,10486.10,10486.10,10349.90,2180000.00,0.00
1/21/2020,10486.10,10404.40,10595.00,10377.10,2610000.00,0.00
1/22/2020,10513.30,10486.10,10567.80,10431.60,2930000.00,0.00
1/30/2020,10077.50,10322.70,10322.70,9859.70,4090000.00,-0.04
1/31/2020,9641.80,9859.70,9968.60,9396.60,7550000.00,-0.04
2/3/2020,9287.70,9151.50,9314.90,8988.10,5320000.00,-0.04
2/4/2020,9260.40,9314.90,9396.60,9151.50,3020000.00,0.00
2/5/2020,9233.20,9314.90,9396.60,9206.00,3660000.00,0.00
2/6/2020,9641.80,9260.40,9641.80,9206.00,4860000.00,0.04
2/7/2020,9641.80,9641.80,9777.90,9532.80,4340000.00,0.00
2/10/2020,9560.10,9369.40,9587.30,9151.50,1310000.00,-0.01
2/11/2020,9505.60,9560.10,9587.30,9478.30,2580000.00,-0.01
2/12/2020,9696.20,9532.80,9696.20,9532.80,4720000.00,0.02
2/13/2020,9587.30,9587.30,9641.80,9560.10,2140000.00,-0.01
2/14/2020,9696.20,9587.30,9723.50,9532.80,1870000.00,0.01
2/17/2020,9614.50,9696.20,9777.90,9614.50,3310000.00,-0.01
2/18/2020,9560.10,9614.50,9641.80,9478.30,2500000.00,-0.01
2/19/2020,9587.30,9587.30,9614.50,9505.60,2830000.00,0.00
2/20/2020,9587.30,9641.80,9723.50,9532.80,2820000.00,0.00
2/21/2020,9505.60,9587.30,9614.50,9505.60,2030000.00,-0.01
2/24/2020,8851.90,9287.70,9342.20,8851.90,5900000.00,-0.07
2/25/2020,8933.60,8634.00,8960.80,8634.00,2870000.00,0.01
2/26/2020,8770.20,8715.70,9097.00,8661.20,1760000.00,-0.02
2/27/2020,8988.10,8715.70,8988.10,8688.50,2520000.00,0.02
2/28/2020,8661.20,8797.40,8824.70,8606.80,3370000.00,-0.04
3/2/2020,8606.80,8743.00,8770.20,8579.50,3580000.00,-0.01
3/3/2020,8688.50,8770.20,8851.90,8688.50,3540000.00,0.01
3/4/2020,8851.90,8715.70,8960.80,8661.20,4830000.00,0.02
3/5/2020,9151.50,9015.30,9233.20,8960.80,5590000.00,0.03
3/6/2020,9097.00,9124.30,9124.30,8960.80,2310000.00,-0.01
3/9/2020,8470.60,8470.60,8606.80,8470.60,6060000.00,-0.07
3/10/2020,8470.60,8116.50,8525.10,8116.50,5710000.00,0.00
3/11/2020,7898.60,8634.00,8634.00,7898.60,6120000.00,-0.07
3/12/2020,7381.10,7517.30,7626.30,7353.90,7800000.00,-0.07
3/13/2020,7244.90,6918.10,7490.10,6918.10,7590000.00,-0.02
3/16/2020,7244.90,7353.90,7408.40,7190.50,4910000.00,0.00
3/17/2020,7735.20,7136.00,7735.20,6972.60,8190000.00,0.07
3/18/2020,7462.80,7844.10,7844.10,7408.40,5400000.00,-0.04
3/19/2020,7462.80,7299.40,7571.80,7244.90,4350000.00,0.00
3/20/2020,7544.50,7626.30,7653.50,7408.40,4860000.00,0.01
3/23/2020,7027.00,7190.50,7299.40,7027.00,5580000.00,-0.07
3/24/2020,6809.20,7054.30,7081.50,6645.70,5100000.00,-0.03
3/25/2020,7272.20,7081.50,7272.20,6945.30,4020000.00,0.07
3/26/2020,7054.30,7190.50,7217.70,7027.00,2130000.00,-0.03
3/27/2020,6727.40,7081.50,7108.80,6727.40,4180000.00,-0.05
3/30/2020,6264.40,6482.30,6482.30,6264.40,4110000.00,-0.07
3/31/2020,6318.90,6346.10,6509.60,6046.50,2850000.00,0.01
4/1/2020,6754.70,6318.90,6754.70,6318.90,6290000.00,0.07
4/3/2020,7217.70,7027.00,7217.70,6972.60,7700000.00,0.07
4/6/2020,7708.00,7599.00,7708.00,7517.30,9270000.00,0.07
4/7/2020,7708.00,7898.60,7925.90,7626.30,10800000.00,0.00
4/8/2020,7816.90,7571.80,7898.60,7408.40,6930000.00,0.01
4/9/2020,8340.90,8214.60,8340.90,8183.00,8040000.00,0.07
4/10/2020,8404.10,8404.10,8593.70,8214.60,4720000.00,0.01
4/13/2020,8309.30,8309.30,8467.30,8214.60,5220000.00,-0.01
4/14/2020,8340.90,8246.20,8340.90,8056.60,5700000.00,0.00
4/15/2020,8435.70,8404.10,8498.90,8340.90,4490000.00,0.01
4/16/2020,8435.70,8340.90,8562.10,8277.80,3800000.00,0.00
4/17/2020,8593.70,8530.50,8720.10,8498.90,5750000.00,0.02
4/20/2020,8656.90,8625.30,8720.10,8498.90,4860000.00,0.01
4/21/2020,8119.80,8404.10,8498.90,8056.60,6480000.00,-0.06
4/22/2020,8404.10,7898.60,8498.90,7898.60,5010000.00,0.04
4/23/2020,8404.10,8530.50,8720.10,8404.10,3790000.00,0.00
4/24/2020,8372.50,8372.50,8435.70,8246.20,2200000.00,0.00
4/27/2020,8277.80,8435.70,8435.70,8246.20,3080000.00,-0.01
4/28/2020,8183.00,8277.80,8277.80,8088.20,3780000.00,-0.01
4/29/2020,8214.60,8214.60,8277.80,8151.40,2120000.00,0.00
5/4/2020,8025.00,8151.40,8214.60,8025.00,3180000.00,-0.02
5/5/2020,7993.40,8025.00,8151.40,7961.80,2430000.00,0.00
5/6/2020,8183.00,8056.60,8214.60,8025.00,2450000.00,0.02
5/7/2020,8340.90,8183.00,8340.90,8151.40,3400000.00,0.02
5/8/2020,8530.50,8340.90,8720.10,8340.90,11560000.00,0.02
5/11/2020,8941.20,8656.90,8941.20,8625.30,9060000.00,0.05
5/12/2020,8972.80,8846.50,9067.60,8720.10,5770000.00,0.00
5/13/2020,8878.00,8846.50,9036.00,8656.90,8010000.00,-0.01
5/14/2020,9004.40,8751.70,9257.20,8751.70,8550000.00,0.01
5/15/2020,8814.90,9067.60,9130.80,8783.30,5450000.00,-0.02
5/18/2020,8941.20,8814.90,8972.80,8751.70,3380000.00,0.01
5/19/2020,9036.00,9162.40,9225.60,8972.80,10030000.00,0.01
5/20/2020,9036.00,9004.40,9099.20,8972.80,3760000.00,0.00
5/21/2020,9067.60,9130.80,9162.40,8972.80,4840000.00,0.00
5/22/2020,9036.00,8972.80,9288.80,8909.60,10880000.00,0.00
5/25/2020,9194.00,9099.20,9225.60,9036.00,8790000.00,0.02
5/26/2020,8618.30,8253.40,8646.40,8225.30,12610000.00,-0.06
5/27/2020,8365.70,8702.50,8730.60,8365.70,12330000.00,-0.03
5/28/2020,8337.60,8365.70,8477.90,8309.50,7570000.00,0.00
5/29/2020,8309.50,8309.50,8365.70,8225.30,5550000.00,0.00
6/1/2020,8534.10,8365.70,8590.20,8337.60,6920000.00,0.03
6/2/2020,8449.90,8590.20,8618.30,8421.80,9480000.00,-0.01
6/3/2020,8534.10,8477.90,8534.10,8421.80,5050000.00,0.01
6/4/2020,8814.80,8674.50,8955.20,8674.50,14540000.00,0.03
6/5/2020,8814.80,8814.80,8871.00,8702.50,8900000.00,0.00
6/8/2020,9011.30,9095.50,9095.50,8927.10,9310000.00,0.02
6/9/2020,8899.00,9151.70,9151.70,8871.00,10000000.00,-0.01
6/10/2020,8983.20,8842.90,9039.40,8646.40,10160000.00,0.01
6/11/2020,8365.70,8983.20,9095.50,8365.70,14520000.00,-0.07
6/12/2020,8702.50,8197.20,8702.50,8028.80,11780000.00,0.04
6/15/2020,8113.00,8702.50,8730.60,8113.00,11270000.00,-0.07
6/16/2020,8534.10,8421.80,8562.20,8281.40,7770000.00,0.05
6/17/2020,8421.80,8506.00,8562.20,8337.60,4520000.00,-0.01
6/18/2020,8421.80,8253.40,8421.80,8253.40,2860000.00,0.00
6/19/2020,8590.20,8421.80,8590.20,8365.70,7740000.00,0.02
6/22/2020,8534.10,8590.20,8702.50,8393.70,5850000.00,-0.01
6/23/2020,9039.40,8674.50,9123.60,8674.50,21780000.00,0.06
6/24/2020,8842.90,9039.40,9179.80,8814.80,9280000.00,-0.02
6/25/2020,8871.00,8786.70,8899.00,8646.40,6080000.00,0.00
6/26/2020,8702.50,8927.10,9095.50,8674.50,7640000.00,-0.02
6/29/2020,8309.50,8702.50,8702.50,8225.30,11650000.00,-0.05
6/30/2020,8309.50,8534.10,8562.20,8113.00,5870000.00,0.00
7/1/2020,8590.20,8393.70,8646.40,8281.40,5340000.00,0.03
7/2/2020,8506.00,8590.20,8590.20,8449.90,3610000.00,-0.01
7/3/2020,8506.00,8590.20,8590.20,8477.90,3550000.00,0.00
7/6/2020,8758.70,8590.20,8758.70,8506.00,6190000.00,0.03
7/7/2020,8730.60,8814.80,8899.00,8702.50,7530000.00,0.00
7/8/2020,8814.80,8702.50,8814.80,8618.30,3870000.00,0.01
7/9/2020,8899.00,8927.10,8983.20,8814.80,7570000.00,0.01
7/10/2020,8955.20,8842.90,9067.50,8842.90,14110000.00,0.01
7/13/2020,8955.20,9095.50,9123.60,8899.00,8230000.00,0.00
7/14/2020,9376.30,8927.10,9376.30,8927.10,14190000.00,0.05
7/15/2020,9292.00,9432.40,9432.40,9264.00,6740000.00,-0.01
7/16/2020,9320.10,9320.10,9376.30,9264.00,5490000.00,0.00
7/17/2020,9376.30,9292.00,9516.60,9264.00,10600000.00,0.01
7/20/2020,9227.00,9555.40,9555.40,9227.00,10000000.00,-0.02
7/21/2020,9107.50,9346.40,9376.30,9017.90,10800000.00,-0.01
7/22/2020,8988.10,9197.10,9227.00,8988.10,6150000.00,-0.01
7/23/2020,8898.50,9017.90,9047.80,8868.60,6800000.00,-0.01
7/24/2020,8540.20,8868.60,8898.50,8331.10,15180000.00,-0.04
7/27/2020,7943.00,8062.40,8361.00,7943.00,12910000.00,-0.07
7/28/2020,8480.40,8241.60,8480.40,7972.80,10330000.00,0.07
7/29/2020,8092.30,8361.00,8361.00,7913.10,9820000.00,-0.05
7/30/2020,8211.70,8122.10,8301.30,8122.10,4190000.00,0.01
7/31/2020,8092.30,8002.70,8241.60,7972.80,4400000.00,-0.01
8/3/2020,8420.70,8062.40,8480.40,8062.40,7790000.00,0.04
8/4/2020,8570.00,8570.00,8629.70,8390.90,7210000.00,0.02
8/5/2020,8659.60,8480.40,8779.10,8450.60,7260000.00,0.01
8/6/2020,8570.00,8629.70,8689.50,8540.20,6470000.00,-0.01
8/7/2020,8510.30,8570.00,8629.70,8480.40,3980000.00,-0.01
8/10/2020,8599.90,8659.60,8719.30,8599.90,5110000.00,0.01
8/11/2020,8779.10,8689.50,8808.90,8599.90,8250000.00,0.02
8/12/2020,8749.20,8808.90,8838.80,8659.60,4470000.00,0.00
8/13/2020,8868.60,8779.10,8898.50,8719.30,5800000.00,0.01
8/14/2020,8719.30,8838.80,8898.50,8629.70,6680000.00,-0.02
8/17/2020,8659.60,8719.30,8719.30,8510.30,5920000.00,-0.01
8/18/2020,8599.90,8659.60,8719.30,8570.00,3000000.00,-0.01
8/19/2020,8689.50,8570.00,8719.30,8570.00,4150000.00,0.01
8/20/2020,8570.00,8689.50,8719.30,8570.00,4200000.00,-0.01
8/21/2020,8779.10,8629.70,8779.10,8570.00,5840000.00,0.02
8/24/2020,8958.20,8868.60,9017.90,8808.90,10940000.00,0.02
8/25/2020,8958.20,9047.80,9107.50,8928.40,7160000.00,0.00
8/26/2020,8988.10,8988.10,9077.70,8928.40,8420000.00,0.00
8/27/2020,9017.90,8988.10,9047.80,8928.40,5760000.00,0.00
8/28/2020,9017.90,9107.50,9197.10,9017.90,9120000.00,0.00
8/31/2020,8898.50,9047.80,9107.50,8868.60,6200000.00,-0.01
9/1/2020,9017.90,8868.60,9017.90,8838.80,5360000.00,0.01
9/3/2020,9107.50,9167.20,9167.20,9017.90,7570000.00,0.01
9/4/2020,9197.10,8958.20,9376.30,8868.60,15090000.00,0.01
9/7/2020,9167.20,9256.80,9465.80,9137.40,14880000.00,0.00
9/8/2020,9436.00,9227.00,9436.00,9137.40,10610000.00,0.03
9/9/2020,9465.80,9256.80,9495.70,9227.00,10940000.00,0.00
9/10/2020,9465.80,9525.60,9645.00,9465.80,13650000.00,0.00
9/11/2020,9406.10,9465.80,9525.60,9376.30,6840000.00,-0.01
9/14/2020,9406.10,9465.80,9495.70,9346.40,7210000.00,0.00
9/15/2020,9436.00,9436.00,9645.00,9406.10,10880000.00,0.00
9/16/2020,9495.70,9436.00,9615.20,9436.00,5910000.00,0.01
9/17/2020,9555.40,9525.60,9585.30,9436.00,9320000.00,0.01
9/18/2020,9734.60,9555.40,9824.20,9525.60,12270000.00,0.02
9/21/2020,9854.00,9824.20,10003.30,9764.50,12620000.00,0.01
9/22/2020,9883.90,9764.50,9913.80,9764.50,10590000.00,0.00
9/23/2020,9973.50,9883.90,10033.20,9883.90,8850000.00,0.01
9/24/2020,9883.90,9913.80,10033.20,9854.00,7090000.00,-0.01
9/25/2020,9824.20,9913.80,9943.60,9704.70,11320000.00,-0.01
9/28/2020,10092.90,9883.90,10122.80,9883.90,8100000.00,0.03
9/29/2020,10003.30,10212.40,10242.20,9973.50,9510000.00,-0.01
9/30/2020,10122.80,10003.30,10152.60,9913.80,6880000.00,0.01
10/1/2020,10630.40,10212.40,10749.90,10152.60,16030000.00,0.05
10/2/2020,10600.60,10690.10,10779.70,10152.60,17020000.00,0.00
10/5/2020,10899.20,10779.70,10929.00,10630.40,10360000.00,0.03
10/6/2020,10839.40,10899.20,10958.90,10720.00,8120000.00,-0.01
10/7/2020,10660.30,10749.90,10839.40,10630.40,8960000.00,-0.02
10/8/2020,10660.30,10749.90,10779.70,10511.00,7240000.00,0.00
10/9/2020,10749.90,10749.90,10899.20,10660.30,6010000.00,0.01
10/12/2020,10660.30,10869.30,10869.30,10600.60,7530000.00,-0.01
10/13/2020,10481.10,10660.30,10720.00,10481.10,6790000.00,-0.02
10/14/2020,10809.60,10511.00,10809.60,10421.40,8350000.00,0.03
10/15/2020,10839.40,10929.00,10958.90,10779.70,7350000.00,0.00
10/16/2020,10839.40,10809.60,10929.00,10720.00,6900000.00,0.00
10/19/2020,10958.90,10929.00,11167.90,10839.40,14700000.00,0.01
10/20/2020,10869.30,10958.90,10958.90,10690.10,6510000.00,-0.01
10/21/2020,10570.70,10869.30,10929.00,10570.70,10970000.00,-0.03
10/22/2020,10749.90,10481.10,10749.90,10391.50,10380000.00,0.02
10/23/2020,10690.10,10809.60,10839.40,10570.70,6790000.00,-0.01
10/26/2020,10511.00,10690.10,10809.60,10511.00,7350000.00,-0.02
10/27/2020,10272.10,10451.30,10540.80,10272.10,8460000.00,-0.02
10/28/2020,9973.50,10212.40,10301.90,9854.00,9190000.00,-0.03
10/29/2020,10212.40,9854.00,10212.40,9824.20,7450000.00,0.02
10/30/2020,10212.40,10212.40,10242.20,9973.50,4700000.00,0.00
11/2/2020,10242.20,10212.40,10242.20,10092.90,2610000.00,0.00
11/3/2020,10361.70,10301.90,10391.50,10272.10,4840000.00,0.01
11/4/2020,10451.30,10391.50,10481.10,10301.90,7110000.00,0.01
11/5/2020,10301.90,10391.50,10481.10,10301.90,3860000.00,-0.01
11/6/2020,10242.20,10301.90,10361.70,10182.50,2370000.00,-0.01
11/9/2020,10451.30,10301.90,10511.00,10301.90,6160000.00,0.02
11/10/2020,10570.70,10600.60,10779.70,10511.00,13690000.00,0.01
11/11/2020,10451.30,10630.40,10690.10,10451.30,7530000.00,-0.01
11/12/2020,10451.30,10511.00,10570.70,10421.40,5660000.00,0.00
11/13/2020,10630.40,10511.00,10630.40,10421.40,6520000.00,0.02
11/16/2020,10570.70,10749.90,10809.60,10570.70,9740000.00,-0.01
11/17/2020,10899.20,10660.30,10899.20,10540.80,13330000.00,0.03
11/18/2020,10988.70,10929.00,11108.20,10869.30,11660000.00,0.01
11/19/2020,11018.60,11078.30,11108.20,10929.00,8080000.00,0.00
11/20/2020,10869.30,11018.60,11048.50,10809.60,9400000.00,-0.01
11/23/2020,11167.90,10869.30,11197.80,10779.70,14540000.00,0.03
11/24/2020,11317.20,11227.60,11406.80,11108.20,17000000.00,0.01
11/25/2020,11466.50,11347.10,11526.20,11317.20,13400000.00,0.01
11/26/2020,11436.70,11436.70,11526.20,11257.50,8300000.00,0.00
11/27/2020,11556.10,11436.70,11586.00,11436.70,7160000.00,0.01
11/30/2020,11496.40,11586.00,11705.40,11466.50,10450000.00,-0.01
12/1/2020,11586.00,11227.60,11586.00,11227.60,13660000.00,0.01
12/2/2020,11765.10,11586.00,11854.70,11556.10,11020000.00,0.02
12/3/2020,12063.70,11884.60,12183.20,11824.80,12510000.00,0.03
12/4/2020,11974.10,12063.70,12123.50,11944.30,9850000.00,-0.01
12/7/2020,12272.80,12153.30,12302.60,12093.60,11000000.00,0.02
12/8/2020,13079.00,12332.50,13108.90,12332.50,17910000.00,0.07
12/9/2020,13556.80,13258.20,13855.40,13258.20,21370000.00,0.04
12/10/2020,13616.50,13556.80,13885.20,13377.60,15310000.00,0.00
12/11/2020,14064.40,13616.50,14064.40,13467.20,14010000.00,0.03
12/14/2020,15019.90,14392.90,15019.90,14333.10,18370000.00,0.07
12/15/2020,15229.00,14810.90,15587.30,14810.90,23830000.00,0.01
12/16/2020,14960.20,15288.70,15408.10,14930.40,22430000.00,-0.02
12/17/2020,14960.20,14810.90,15288.70,14691.50,20510000.00,0.00
12/18/2020,16005.30,15169.20,16005.30,15019.90,23000000.00,0.07
12/21/2020,17110.20,16363.70,17110.20,16244.20,21820000.00,0.07
12/22/2020,17677.50,17319.20,17886.60,16990.70,19580000.00,0.03
12/23/2020,17199.80,17528.20,17558.10,17020.60,21710000.00,-0.03
12/24/2020,16931.00,17140.10,17199.80,16005.30,24670000.00,-0.02
12/25/2020,18095.60,16722.00,18095.60,16513.00,24870000.00,0.07
12/28/2020,19110.90,18931.70,19260.20,18573.40,19540000.00,0.06
12/29/2020,18931.70,18812.30,19200.40,18573.40,18500000.00,-0.01
12/30/2020,18812.30,18752.50,19081.00,18513.60,16350000.00,-0.01
12/31/2020,19767.80,18812.30,19976.80,18782.40,14980000.00,0.05
1/4/2021,20185.80,20603.90,20663.60,20185.80,14000000.00,0.02
1/5/2021,20156.00,19857.40,20365.00,19767.80,13400000.00,0.00
1/6/2021,20305.30,20424.70,20872.60,19708.10,16110000.00,0.01
1/7/2021,20544.20,20603.90,20663.60,20036.50,21410000.00,0.01
1/8/2021,20394.90,20842.80,20842.80,20036.50,17710000.00,-0.01
1/11/2021,20036.50,20365.00,20424.70,19737.90,20930000.00,-0.02
1/12/2021,20365.00,19827.50,20603.90,19409.50,25460000.00,0.02
1/13/2021,20006.70,20603.90,20603.90,19947.00,15150000.00,-0.02
1/14/2021,21111.50,20006.70,21380.30,19708.10,35480000.00,0.06
1/15/2021,22067.10,21380.30,22246.20,21171.20,22750000.00,0.05
1/18/2021,21678.90,22067.10,22067.10,21529.60,18040000.00,-0.02
1/19/2021,20185.80,21380.30,21708.70,20185.80,30590000.00,-0.07
1/20/2021,19887.20,20424.70,20603.90,18842.10,22490000.00,-0.01
1/21/2021,20633.80,19947.00,20902.50,19708.10,20320000.00,0.04
1/22/2021,20156.00,20484.50,20723.30,19947.00,17860000.00,-0.02
1/25/2021,20126.10,19827.50,20633.80,19648.40,18870000.00,0.00
1/26/2021,19110.90,19976.80,20066.40,18872.00,16510000.00,-0.05
1/27/2021,17797.00,18573.40,19110.90,17797.00,21830000.00,-0.07
1/28/2021,16572.70,16572.70,16871.30,16572.70,28060000.00,-0.07
1/29/2021,17199.80,15527.60,17707.40,15527.60,21750000.00,0.04
2/1/2021,16005.30,17199.80,17617.80,16005.30,24330000.00,-0.07
2/2/2021,16602.60,15945.60,16722.00,15348.40,18020000.00,0.04
2/3/2021,17737.30,17020.60,17737.30,16722.00,22320000.00,0.07
2/4/2021,17737.30,17737.30,18274.80,17438.70,18750000.00,0.00
2/5/2021,18812.30,17797.00,18812.30,17767.10,19280000.00,0.06
2/8/2021,18274.80,18991.40,19558.80,17677.50,33280000.00,-0.03
2/9/2021,18961.60,18394.20,19051.10,17677.50,24680000.00,0.04
2/17/2021,20036.50,19409.50,20066.40,19230.30,17460000.00,0.06
2/18/2021,19887.20,20006.70,20156.00,19558.80,22740000.00,-0.01
2/19/2021,19797.70,19528.90,20066.40,19528.90,18510000.00,0.00
2/22/2021,19618.50,19797.70,20156.00,19528.90,20830000.00,-0.01
2/23/2021,20066.40,19678.20,20275.40,19499.00,24180000.00,0.02
2/24/2021,19976.80,20484.50,20574.00,19708.10,22730000.00,0.00
2/25/2021,19976.80,20126.10,20156.00,19648.40,17300000.00,0.00
2/26/2021,19827.50,19528.90,19947.00,19469.20,21660000.00,-0.01
3/1/2021,20902.50,20066.40,20962.20,19887.20,29970000.00,0.05
3/2/2021,20932.40,21201.10,21201.10,20693.50,19460000.00,0.00
3/3/2021,20812.90,20753.20,20962.20,20663.60,15260000.00,-0.01
3/4/2021,19976.80,20872.60,20872.60,19708.10,24280000.00,-0.04
3/5/2021,19976.80,19708.10,19976.80,19409.50,21960000.00,0.00
3/8/2021,20036.50,20394.90,20574.00,19917.10,16810000.00,0.00
3/9/2021,19737.90,19887.20,20036.50,19558.80,16280000.00,-0.01
3/10/2021,19767.80,19588.60,19857.40,19290.00,16980000.00,0.00
3/11/2021,20275.40,20066.40,20484.50,19887.20,16800000.00,0.03
3/12/2021,20006.70,20275.40,20365.00,19947.00,9610000.00,-0.01
3/15/2021,19827.50,20006.70,20126.10,19827.50,11020000.00,-0.01
3/16/2021,19528.90,19827.50,19827.50,19349.70,20150000.00,-0.02
3/17/2021,19469.20,19379.60,19648.40,19319.90,11680000.00,0.00
3/18/2021,19887.20,19827.50,20006.70,19708.10,10990000.00,0.02
3/19/2021,19887.20,19767.80,20305.30,19767.80,17330000.00,0.00
3/22/2021,19947.00,20066.40,20156.00,19827.50,11810000.00,0.00
3/23/2021,19648.40,19947.00,19947.00,19439.30,13710000.00,-0.02
3/24/2021,18692.80,19290.00,19558.80,18513.60,20620000.00,-0.05
3/25/2021,18394.20,18812.30,18961.60,18334.50,20600000.00,-0.02
3/26/2021,18453.90,18304.60,18573.40,17558.10,15750000.00,0.00
3/29/2021,18752.50,18692.80,18782.40,18513.60,8840000.00,0.02
3/30/2021,18991.40,19051.10,19051.10,18633.10,11310000.00,0.01
3/31/2021,18961.60,18931.70,19200.40,18901.80,11870000.00,0.00
4/1/2021,20275.40,18991.40,20275.40,18961.60,34010000.00,0.07
4/2/2021,20484.50,20842.80,20872.60,20335.10,21440000.00,0.01
4/5/2021,20902.50,20902.50,21201.10,20544.20,28980000.00,0.02
4/6/2021,20902.50,20603.90,21081.70,20603.90,24670000.00,0.00
4/7/2021,21111.50,20902.50,21201.10,20783.10,20190000.00,0.01
4/8/2021,21021.90,21320.60,21320.60,20872.60,17080000.00,0.00
4/9/2021,21051.80,20962.20,21320.60,20902.50,17670000.00,0.00
4/12/2021,21798.30,21260.80,22007.30,21021.90,26340000.00,0.04
4/13/2021,21260.80,22037.20,22037.20,20992.10,27430000.00,-0.02
4/14/2021,21469.90,21021.90,21619.20,20902.50,25630000.00,0.01
4/15/2021,20812.90,21469.90,21469.90,20723.30,29070000.00,-0.03
4/16/2021,20305.30,20693.50,20932.40,19887.20,28280000.00,-0.02
4/19/2021,20783.10,20603.90,20783.10,20185.80,18440000.00,0.02
4/20/2021,20365.00,21201.10,21231.00,20245.60,23140000.00,-0.02
4/22/2021,18961.60,20066.40,20305.30,18961.60,22960000.00,-0.07
4/23/2021,19708.10,19110.90,19708.10,18842.10,22790000.00,0.04
4/26/2021,18931.70,19708.10,19767.80,18872.00,15420000.00,-0.04
4/27/2021,18991.40,18931.70,19110.90,18603.20,8310000.00,0.00
4/28/2021,19170.60,18991.40,19439.30,18931.70,13590000.00,0.01
4/29/2021,19469.20,19170.60,19708.10,19170.60,14240000.00,0.02
5/4/2021,19648.40,18991.40,19648.40,18872.00,15530000.00,0.01
5/5/2021,20066.40,19767.80,20424.70,19678.20,19240000.00,0.02
5/6/2021,19618.50,20006.70,20275.40,19558.80,16640000.00,-0.02
5/7/2021,19528.90,19409.50,20006.70,19349.70,14550000.00,0.00
5/10/2021,20723.30,19409.50,20842.80,19290.00,35280000.00,0.06
5/11/2021,20424.70,20902.50,21081.70,20424.70,24920000.00,-0.01
5/12/2021,20783.10,20305.30,20812.90,20305.30,15740000.00,0.02
5/13/2021,20932.40,20544.20,21589.30,20544.20,32570000.00,0.01
5/14/2021,21081.70,21111.50,21440.00,20932.40,20270000.00,0.01
5/17/2021,21171.20,21499.70,21678.90,21081.70,26320000.00,0.00
5/18/2021,21051.80,21141.40,21440.00,20842.80,17950000.00,-0.01
5/19/2021,21499.70,21051.80,21619.20,20902.50,25430000.00,0.02
5/20/2021,22992.80,21589.30,22992.80,21499.70,43690000.00,0.07
5/21/2021,23291.40,23291.40,24067.70,22992.80,24750000.00,0.01
5/24/2021,23769.10,23410.80,23799.00,23052.50,25730000.00,0.02
5/25/2021,24426.10,23769.10,24485.80,23590.00,22950000.00,0.03
5/26/2021,24455.90,24366.30,24903.80,24187.20,20590000.00,0.00
5/27/2021,23649.70,24455.90,24545.50,23291.40,25090000.00,-0.03
5/28/2021,24963.60,23828.90,25023.30,23590.00,26450000.00,0.06
5/31/2021,26516.30,25321.90,26576.00,25083.00,18940000.00,0.06
6/1/2021,26098.30,26874.60,27053.80,25859.40,19260000.00,-0.02
6/2/2021,27471.90,25680.20,27471.90,25680.20,25810000.00,0.05
6/3/2021,29203.80,28487.10,29382.90,28069.10,22820000.00,0.06
6/4/2021,29114.20,29144.10,29860.70,28666.30,24810000.00,0.00
6/7/2021,28158.70,28785.70,29442.70,27173.30,37260000.00,-0.03
6/8/2021,26277.40,28069.10,28606.60,26277.40,30470000.00,-0.07
6/9/2021,27889.90,26635.80,28098.90,25680.20,33090000.00,0.06
6/10/2021,28069.10,27889.90,28517.00,27770.50,23140000.00,0.01
6/11/2021,29920.40,27770.50,29980.20,27710.70,34500000.00,0.07
6/14/2021,31652.40,30159.30,32010.70,29860.70,28860000.00,0.06
6/15/2021,31652.40,31652.40,32565.40,31348.00,23050000.00,0.00
6/16/2021,30069.70,30921.90,31469.80,29795.80,34310000.00,-0.05
6/17/2021,30739.30,29278.40,31287.10,29278.40,16710000.00,0.02
6/18/2021,30739.30,31348.00,31348.00,30495.80,12110000.00,0.00
6/21/2021,29826.30,30495.80,30739.30,29765.40,19480000.00,-0.03
6/22/2021,30130.60,30374.10,30374.10,29887.10,14040000.00,0.01
6/23/2021,30374.10,30130.60,30921.90,29948.00,14970000.00,0.01
6/24/2021,30556.70,30435.00,30739.30,30252.40,11490000.00,0.01
6/25/2021,32687.10,30739.30,32687.10,30678.40,36780000.00,0.07
6/28/2021,32808.90,33356.70,33356.70,32382.80,14970000.00,0.00
6/29/2021,33235.00,32808.90,33965.40,32626.30,16200000.00,0.01
6/30/2021,33478.50,32930.60,33661.10,32869.80,18050000.00,0.01
7/1/2021,35000.20,34087.20,35426.30,33721.90,21320000.00,0.05
7/2/2021,35243.70,35243.70,35913.30,34695.90,19680000.00,0.01
7/5/2021,34391.50,34878.50,35061.10,33356.70,29180000.00,-0.02
7/6/2021,32017.60,34391.50,35182.80,32017.60,25770000.00,-0.07
7/7/2021,33174.10,32261.10,33174.10,30739.30,28660000.00,0.04
7/8/2021,33113.20,33356.70,33782.80,32565.40,16010000.00,0.00
7/9/2021,32017.60,32687.10,33478.50,31713.20,21190000.00,-0.03
7/12/2021,30130.60,31348.00,31956.70,29795.80,37140000.00,-0.06
7/13/2021,31530.60,30678.40,31530.60,29978.40,19360000.00,0.05
7/14/2021,31043.70,31530.60,31713.20,29856.70,18680000.00,-0.02
7/15/2021,32687.10,30435.00,32687.10,30435.00,21140000.00,0.05
7/16/2021,32139.30,32687.10,32808.90,32078.50,16780000.00,-0.02
7/19/2021,30008.90,31043.70,31530.60,30008.90,25740000.00,-0.07
7/20/2021,32078.50,30495.80,32078.50,29704.50,23770000.00,0.07
7/21/2021,31348.00,32017.60,32261.10,31287.10,14770000.00,-0.02
7/22/2021,31774.10,31165.40,32261.10,31104.50,15540000.00,0.01
7/23/2021,30800.20,31530.60,31895.80,30800.20,19080000.00,-0.03
7/26/2021,30921.90,30800.20,31408.90,30435.00,15080000.00,0.00
7/27/2021,31652.40,31530.60,32504.50,31408.90,22950000.00,0.02
7/28/2021,31895.80,31591.50,32261.10,31530.60,10920000.00,0.01
7/29/2021,32869.80,32261.10,32869.80,32078.50,20140000.00,0.03
7/30/2021,33235.00,32869.80,33478.50,32626.30,23560000.00,0.01
8/2/2021,33478.50,32930.60,33843.70,32869.80,23930000.00,0.01
8/3/2021,34391.50,33356.70,34391.50,33174.10,28180000.00,0.03
8/4/2021,34574.10,34878.50,34878.50,34208.90,18550000.00,0.01
8/5/2021,35000.20,34269.80,35182.80,34148.00,18970000.00,0.01
8/6/2021,34330.60,34817.60,35121.90,34330.60,25520000.00,-0.02
8/9/2021,36095.90,34148.00,36643.70,34148.00,35440000.00,0.05
8/10/2021,36156.70,36643.70,36704.60,35913.30,19520000.00,0.00
8/11/2021,35121.90,36339.30,36400.20,35121.90,27470000.00,-0.03
8/12/2021,35121.90,34939.30,35852.40,34939.30,21190000.00,0.00
8/13/2021,35913.30,35304.60,36339.30,35121.90,33360000.00,0.02
8/16/2021,37800.20,37313.30,38043.70,37069.80,26290000.00,0.05
8/17/2021,37313.30,37617.60,37861.10,37008.90,20140000.00,-0.01
8/18/2021,36643.70,37069.80,38043.70,36643.70,27350000.00,-0.02
8/19/2021,38165.40,37069.80,38287.20,37008.90,24400000.00,0.04
8/20/2021,38043.70,38165.40,38652.40,36948.00,41330000.00,0.00
8/23/2021,38591.50,38043.70,38591.50,37617.60,22370000.00,0.01
8/24/2021,37252.40,38348.10,38713.30,36339.30,36180000.00,-0.03
8/25/2021,37739.40,37252.40,37739.40,36765.40,17200000.00,0.01
8/26/2021,37191.50,37739.40,37922.00,36339.30,19000000.00,-0.01
8/27/2021,37252.40,36643.70,37374.10,36400.20,16470000.00,0.00
8/30/2021,37982.80,37495.90,38043.70,36948.00,19120000.00,0.02
8/31/2021,37617.60,38287.20,38469.80,37130.70,14990000.00,-0.01
9/1/2021,37252.40,37313.30,37739.40,37069.80,14600000.00,-0.01
9/6/2021,36522.00,37374.10,37556.70,36522.00,26510000.00,-0.02
9/7/2021,36765.40,36826.30,37374.10,36400.20,38130000.00,0.01
9/8/2021,39317.50,39317.50,39317.50,39139.80,15490000.00,0.07
9/9/2021,39050.90,39450.80,40250.40,38873.20,21430000.00,-0.01
9/10/2021,38917.60,39095.30,39361.90,38739.90,11080000.00,0.00
9/13/2021,38739.90,38917.60,38917.60,37940.30,12810000.00,0.00
9/14/2021,37762.60,38295.70,38473.40,37762.60,8890000.00,-0.03
9/15/2021,38118.00,37318.30,38340.10,37229.40,8240000.00,0.01
9/16/2021,37762.60,38251.20,38384.50,37629.30,5160000.00,-0.01
9/17/2021,38206.80,37807.00,39050.90,37584.80,14950000.00,0.01
9/20/2021,38029.10,38828.80,38873.20,37984.70,8070000.00,0.00
9/21/2021,37407.10,37762.60,37940.30,37140.60,9650000.00,-0.02
9/22/2021,37140.60,37629.30,37673.70,37007.30,7000000.00,-0.01
9/23/2021,37229.40,37318.30,37940.30,37140.60,6140000.00,0.00
9/24/2021,37140.60,37318.30,37584.80,37096.20,5480000.00,0.00
9/27/2021,35541.20,37140.60,37273.90,35541.20,11610000.00,-0.04
9/28/2021,36074.30,35541.20,36340.90,35363.50,7320000.00,0.02
9/29/2021,35630.10,35985.50,36029.90,35363.50,5870000.00,-0.01
9/30/2021,36118.80,35807.80,36163.20,35630.10,4640000.00,0.01
10/1/2021,34830.40,35718.90,35896.60,34830.40,11420000.00,-0.04
10/4/2021,34297.30,34652.70,34741.50,33630.90,10860000.00,-0.02
10/5/2021,35896.60,35052.50,36163.20,34830.40,10300000.00,0.05
10/6/2021,35496.80,36163.20,36207.60,35452.40,7730000.00,-0.01
10/7/2021,36163.20,35541.20,36385.30,35319.10,9050000.00,0.02
10/8/2021,36296.50,36163.20,36607.50,35985.50,7240000.00,0.00
10/11/2021,37229.40,36429.80,37229.40,36429.80,8760000.00,0.03
10/12/2021,36785.20,37229.40,37451.60,36785.20,8030000.00,-0.01
10/13/2021,36429.80,36785.20,37096.20,36429.80,7680000.00,-0.01
10/14/2021,36429.80,36429.80,36962.90,36118.80,11240000.00,0.00
10/15/2021,36207.60,36607.50,36785.20,36163.20,6790000.00,-0.01
10/18/2021,36296.50,36207.60,36962.90,35763.40,12050000.00,0.00
10/19/2021,36340.90,36429.80,37051.70,36252.10,9430000.00,0.00
10/20/2021,35807.80,36340.90,36385.30,35452.40,14340000.00,-0.01
10/21/2021,35274.70,35896.60,35941.10,35274.70,10870000.00,-0.01
10/22/2021,34830.40,35274.70,35496.80,34697.10,11920000.00,-0.01
10/25/2021,34030.70,34652.70,34741.50,33853.00,16440000.00,-0.02
10/26/2021,34475.00,34030.70,34519.40,33764.20,9370000.00,0.01
10/27/2021,35896.60,34652.70,35985.50,34563.80,13190000.00,0.04
10/28/2021,36252.10,35985.50,36785.20,35763.40,13800000.00,0.01
10/29/2021,35985.50,36296.50,36429.80,35718.90,12460000.00,-0.01
11/1/2021,36785.20,36074.30,37140.60,35985.50,25270000.00,0.02
11/2/2021,37629.30,36874.00,37762.60,36785.20,19790000.00,0.02
11/3/2021,37051.70,37984.70,38073.50,36785.20,19760000.00,-0.02
11/4/2021,38206.80,37140.60,39006.50,37051.70,26490000.00,0.03
11/5/2021,38118.00,38473.40,38562.20,38029.10,15110000.00,0.00
11/8/2021,39539.60,38473.40,39939.50,38295.70,33660000.00,0.04
11/9/2021,39361.90,39539.60,39806.20,38917.60,17180000.00,0.00
11/10/2021,39717.30,39539.60,40605.90,39361.90,21000000.00,0.01
11/11/2021,39228.60,39761.70,40428.10,38429.00,26210000.00,-0.01
11/12/2021,39628.50,39450.80,40161.60,39139.80,13100000.00,0.01
11/15/2021,40694.70,40428.10,41583.20,40072.70,30280000.00,0.03
11/16/2021,39761.70,40161.60,40739.10,39539.60,17400000.00,-0.02
11/17/2021,40739.10,39806.20,41094.50,39628.50,21270000.00,0.02
11/18/2021,43582.40,43004.90,43582.40,41760.90,43580000.00,0.07
11/19/2021,43093.70,44426.50,45137.40,40605.90,33030000.00,-0.01
11/22/2021,43182.60,43093.70,44337.70,42560.60,21670000.00,0.00
11/23/2021,46203.60,42916.00,46203.60,42560.60,39810000.00,0.07
11/24/2021,47269.80,47092.10,48336.10,46825.60,24890000.00,0.02
11/25/2021,48869.20,47358.70,49313.50,46914.40,27050000.00,0.03
11/26/2021,47536.40,48602.60,49224.60,47092.10,32800000.00,-0.03
11/29/2021,49135.70,46647.90,49224.60,46647.90,31650000.00,0.03
11/30/2021,49668.90,50468.50,51268.20,48869.20,25490000.00,0.01
12/1/2021,49046.90,49313.50,49935.40,48069.50,24740000.00,-0.01
12/2/2021,47980.70,48869.20,49580.00,47980.70,22600000.00,-0.02
12/3/2021,44870.80,48069.50,48336.10,44870.80,47800000.00,-0.06
12/6/2021,45315.10,44959.70,46470.20,43538.00,33270000.00,0.01
12/7/2021,46381.30,46203.60,46647.90,45137.40,16890000.00,0.02
12/8/2021,46025.90,46647.90,47003.30,46025.90,13840000.00,-0.01
12/9/2021,47802.90,45315.10,47802.90,45315.10,17430000.00,0.04
12/10/2021,47092.10,47714.10,47802.90,46736.70,14880000.00,-0.01
12/13/2021,47447.50,47269.80,47980.70,46470.20,16520000.00,0.01
12/14/2021,46825.60,47358.70,47891.80,46736.70,15460000.00,-0.01
12/15/2021,45937.00,46647.90,47181.00,45937.00,14800000.00,-0.02
12/16/2021,45226.20,46114.70,46203.60,44870.80,23750000.00,-0.02
12/17/2021,46647.90,45315.10,47003.30,45226.20,17180000.00,0.03
12/20/2021,47536.40,46647.90,48424.90,46292.40,19770000.00,0.02
12/21/2021,46647.90,47181.00,47714.10,46647.90,13080000.00,-0.02
12/22/2021,45403.90,46647.90,46914.40,45137.40,24230000.00,-0.03
12/23/2021,43538.00,45137.40,45226.20,42649.50,27960000.00,-0.04
12/24/2021,43582.40,43715.70,44382.10,43004.90,9410000.00,0.00
12/27/2021,43671.30,44382.10,44382.10,43538.00,6950000.00,0.00
12/28/2021,43360.30,43804.60,44026.70,43360.30,10490000.00,-0.01
12/29/2021,44115.50,43449.10,44781.90,42738.30,10440000.00,0.02
12/30/2021,46736.70,44604.20,46914.40,44515.40,17670000.00,0.06
12/31/2021,46025.90,47003.30,47092.10,45848.20,10220000.00,-0.02
1/4/2022,47092.10,46647.90,47447.50,46114.70,17500000.00,0.02
1/5/2022,46914.40,47092.10,47891.80,46647.90,16710000.00,0.00
1/6/2022,46114.70,46559.00,47092.10,46114.70,14100000.00,-0.02
1/7/2022,45848.20,45937.00,46647.90,45492.80,14870000.00,-0.01
1/10/2022,44026.70,45848.20,46203.60,44026.70,18590000.00,-0.04
1/11/2022,42738.30,44160.00,44959.70,42649.50,16600000.00,-0.03
1/12/2022,44870.80,43093.70,44870.80,42738.30,16450000.00,0.05
1/13/2022,43404.70,45315.10,45403.90,43404.70,12120000.00,-0.03
1/14/2022,43271.40,43049.30,43937.80,42916.00,7110000.00,0.00
1/17/2022,40250.40,43093.70,43449.10,40250.40,34410000.00,-0.07
1/18/2022,37584.80,39361.90,40072.70,37451.60,17020000.00,-0.07
1/19/2022,40161.60,39006.50,40161.60,38517.80,11790000.00,0.07
1/20/2022,40605.90,40339.30,41050.10,39495.20,9630000.00,0.01
1/21/2022,39584.00,40161.60,40517.00,39273.10,9070000.00,-0.03
1/24/2022,36829.60,38917.60,39361.90,36829.60,19990000.00,-0.07
1/25/2022,38029.10,36429.80,38118.00,36340.90,10890000.00,0.03
1/26/2022,37718.10,38206.80,38562.20,37673.70,8950000.00,-0.01
1/27/2022,38562.20,37762.60,39539.60,37407.10,8030000.00,0.02
1/28/2022,40028.30,38473.40,40028.30,38384.50,8290000.00,0.04
2/7/2022,40739.10,40872.40,41672.10,40250.40,10310000.00,0.02
2/8/2022,40561.40,40428.10,40961.30,39983.90,7080000.00,0.00
2/9/2022,40605.90,40250.40,41139.00,40250.40,8760000.00,0.00
2/10/2022,40072.70,40694.70,40783.60,39628.50,7440000.00,-0.01
2/11/2022,40072.70,39983.90,40561.40,39806.20,5910000.00,0.00
2/14/2022,38739.90,39539.60,39717.30,38739.90,11160000.00,-0.03
2/15/2022,39273.10,39273.10,39717.30,38517.80,6100000.00,0.01
2/16/2022,39895.00,39717.30,40072.70,39361.90,5180000.00,0.02
2/17/2022,39983.90,39806.20,40117.20,39806.20,6250000.00,0.00
2/18/2022,40161.60,39539.60,40694.70,39450.80,9990000.00,0.00
2/21/2022,40872.40,40250.40,41227.80,40250.40,11680000.00,0.02
2/22/2022,39983.90,40250.40,40605.90,39539.60,8200000.00,-0.02
2/23/2022,40250.40,40161.60,40517.00,40161.60,5990000.00,0.01
2/24/2022,39628.50,40072.70,40872.40,38606.70,13570000.00,-0.02
2/25/2022,40605.90,39983.90,41361.10,39806.20,16680000.00,0.02
2/28/2022,40605.90,40694.70,41405.50,40561.40,8010000.00,0.00
3/1/2022,40872.40,40872.40,41139.00,40339.30,9370000.00,0.01
3/2/2022,39806.20,40517.00,40739.10,39584.00,13410000.00,-0.03
3/3/2022,40428.10,39983.90,40428.10,39539.60,8980000.00,0.02
3/4/2022,41405.50,40872.40,42116.40,40828.00,21830000.00,0.02
3/7/2022,41583.20,40961.30,41627.70,40650.30,12350000.00,0.00
3/8/2022,41760.90,41316.70,42827.20,40961.30,25890000.00,0.00
3/9/2022,41405.50,42027.50,42205.20,40783.60,13100000.00,-0.01
3/10/2022,41405.50,42471.80,42471.80,41405.50,9050000.00,0.00
3/11/2022,39983.90,41050.10,41316.70,39717.30,17830000.00,-0.03
3/14/2022,38384.50,39628.50,39806.20,38118.00,17710000.00,-0.04
3/15/2022,38473.40,38251.20,39184.20,38206.80,8310000.00,0.00
3/16/2022,38917.60,38651.10,39495.20,38562.20,7550000.00,0.01
3/17/2022,38917.60,39495.20,39495.20,38917.60,5020000.00,0.00
3/18/2022,38917.60,39050.90,39539.60,38828.80,8320000.00,0.00
3/21/2022,39361.90,39361.90,39495.20,38917.60,7400000.00,0.01
3/22/2022,39406.30,39361.90,39806.20,39273.10,6390000.00,0.00
3/23/2022,39273.10,39539.60,39717.30,39273.10,6730000.00,0.00
3/24/2022,38917.60,39495.20,39495.20,38873.20,7550000.00,-0.01
3/25/2022,38606.70,38873.20,39050.90,38473.40,8430000.00,-0.01
3/28/2022,37540.40,38118.00,38429.00,37140.60,11060000.00,-0.03
3/29/2022,37895.80,38118.00,38118.00,37851.40,4360000.00,0.01
3/30/2022,37584.80,37407.10,38384.50,37362.70,7450000.00,-0.01
3/31/2022,37318.30,38029.10,38029.10,37318.30,4510000.00,-0.01
4/1/2022,38118.00,37318.30,38118.00,36785.20,8300000.00,0.02
4/4/2022,39983.90,38651.10,40028.30,38295.70,15760000.00,0.05
4/5/2022,39361.90,39806.20,40339.30,39317.50,7680000.00,-0.02
4/6/2022,39628.50,38828.80,39895.00,38828.80,8670000.00,0.01
4/7/2022,39139.80,39628.50,40294.90,39139.80,10260000.00,-0.01
4/8/2022,38206.80,39095.30,39317.50,38206.80,7780000.00,-0.02
4/12/2022,37140.60,38295.70,38562.20,36962.90,7480000.00,-0.03
4/13/2022,37807.00,37318.30,37984.70,36340.90,8960000.00,0.02
4/14/2022,37318.30,38162.40,38162.40,37229.40,4570000.00,-0.01
4/15/2022,35541.20,37140.60,37407.10,35407.90,10310000.00,-0.05
4/18/2022,33319.90,34919.30,35541.20,33053.30,17560000.00,-0.06
4/19/2022,31098.60,33408.80,34119.60,31098.60,12830000.00,-0.07
4/20/2022,31276.30,31054.10,31987.10,30832.00,10800000.00,0.01
4/21/2022,32031.50,30743.20,32697.90,30654.30,13350000.00,0.02
4/22/2022,32031.50,32431.40,32564.60,31098.60,7530000.00,0.00
4/25/2022,29810.20,31987.10,32209.20,29810.20,11860000.00,-0.07
4/26/2022,30654.30,28877.20,30654.30,27855.40,13540000.00,0.03
4/27/2022,30565.50,30432.20,30743.20,29943.50,5440000.00,0.00
4/28/2022,29765.80,30476.60,30787.60,29588.10,6600000.00,-0.03
4/29/2022,29810.20,29765.80,30387.70,29454.80,9910000.00,0.00
5/4/2022,28433.00,29810.20,30032.30,28433.00,7920000.00,-0.05
5/5/2022,27544.50,28877.20,29099.40,26922.50,10780000.00,-0.03
5/6/2022,25634.10,26655.90,27277.90,25634.10,16110000.00,-0.07
5/9/2022,23857.00,25278.70,25323.10,23857.00,20650000.00,-0.07
5/10/2022,24790.00,23101.80,24923.30,23057.40,16400000.00,0.04
5/11/2022,24612.30,24923.30,24967.70,24301.30,6550000.00,-0.01
5/12/2022,22924.10,24212.50,24479.00,22924.10,16890000.00,-0.07
5/13/2022,22924.10,23101.80,23634.90,22257.70,26660000.00,0.00
5/16/2022,24256.90,24345.70,24523.40,24168.00,19880000.00,0.06
5/17/2022,25900.70,23990.30,25900.70,23901.50,20930000.00,0.07
5/18/2022,25456.40,25945.10,26611.50,25412.00,26340000.00,-0.02
5/19/2022,25323.10,24523.40,25767.40,24523.40,20310000.00,-0.01
5/20/2022,25278.70,25589.70,26211.70,25234.30,17610000.00,0.00
5/23/2022,23546.10,25323.10,25456.40,23546.10,32800000.00,-0.07
5/24/2022,24967.70,23457.20,24967.70,22346.50,23230000.00,0.06
5/25/2022,25589.70,24967.70,26033.90,24878.90,18450000.00,0.02
5/26/2022,26167.20,25678.50,26833.60,25589.70,30950000.00,0.02
5/27/2022,26567.10,26033.90,27055.80,25989.50,22440000.00,0.02
5/30/2022,26567.10,26700.30,27277.90,26211.70,15560000.00,0.00
5/31/2022,26344.90,26122.80,26700.30,25767.40,19500000.00,-0.01
6/1/2022,26256.10,26211.70,26567.10,25500.80,15480000.00,0.00
6/2/2022,25767.40,26300.50,26833.60,25589.70,20460000.00,-0.02
6/3/2022,25989.50,25589.70,26389.40,25589.70,18360000.00,0.01
6/6/2022,25767.40,26256.10,26567.10,25589.70,14010000.00,-0.01
6/7/2022,25056.60,25500.80,25723.00,24212.50,19760000.00,-0.03
6/8/2022,26033.90,25323.10,26433.80,25056.60,16130000.00,0.04
6/9/2022,25767.40,26078.40,26300.50,25634.10,8480000.00,-0.01
6/10/2022,24745.60,25412.00,25767.40,24745.60,16660000.00,-0.04
6/13/2022,23057.40,23546.10,23990.30,23057.40,22220000.00,-0.07
6/14/2022,21635.70,22568.70,22835.20,21458.00,19280000.00,-0.06
6/15/2022,20125.20,21769.00,21991.10,20125.20,20740000.00,-0.07
6/16/2022,19681.00,20791.60,20791.60,19503.20,14430000.00,-0.02
6/17/2022,18303.70,18525.90,19103.40,18303.70,22280000.00,-0.07
6/20/2022,17059.80,18348.20,18925.70,17059.80,19430000.00,-0.07
6/21/2022,16260.10,16304.50,17681.80,16038.00,26580000.00,-0.05
6/22/2022,17700.00,17700.00,17700.00,17500.00,11890000.00,0.09
6/23/2022,18500.00,18000.00,18500.00,17900.00,13700000.00,0.05
6/24/2022,18600.00,18400.00,19100.00,18350.00,11930000.00,0.01
6/27/2022,19850.00,18750.00,19850.00,18600.00,13900000.00,0.07
6/28/2022,19600.00,19900.00,19950.00,19450.00,13210000.00,-0.01
6/29/2022,19750.00,19300.00,20200.00,19200.00,14240000.00,0.01
6/30/2022,18800.00,19700.00,19850.00,18800.00,13240000.00,-0.05
7/1/2022,19700.00,18650.00,19800.00,17950.00,15530000.00,0.05
7/4/2022,20200.00,20050.00,20600.00,19950.00,19710000.00,0.03
7/5/2022,19700.00,20150.00,20350.00,19700.00,14220000.00,-0.02
7/6/2022,19000.00,19200.00,19800.00,18900.00,15160000.00,-0.04
7/7/2022,19100.00,18800.00,19200.00,18650.00,9820000.00,0.01
7/8/2022,20400.00,19300.00,20400.00,19300.00,30290000.00,0.07
7/11/2022,20650.00,20450.00,21150.00,19900.00,26060000.00,0.01
7/12/2022,20900.00,20550.00,21150.00,20400.00,11930000.00,0.01
7/13/2022,20700.00,20900.00,21100.00,20300.00,17840000.00,-0.01
7/14/2022,21500.00,20500.00,21950.00,20350.00,23500000.00,0.04
7/15/2022,21100.00,21600.00,21750.00,21100.00,16580000.00,-0.02
7/18/2022,20900.00,21300.00,21400.00,20700.00,18020000.00,-0.01
7/19/2022,20650.00,20650.00,20900.00,20100.00,19870000.00,-0.01
7/20/2022,21300.00,21000.00,21600.00,20900.00,22290000.00,0.03
7/21/2022,21300.00,21200.00,21600.00,21100.00,15960000.00,0.00
7/22/2022,20900.00,21300.00,21500.00,20900.00,17910000.00,-0.02
7/25/2022,20450.00,20700.00,21050.00,20300.00,18310000.00,-0.02
7/26/2022,20250.00,20550.00,20700.00,20100.00,16460000.00,-0.01
7/27/2022,20400.00,20000.00,20400.00,19800.00,17800000.00,0.01
7/28/2022,21150.00,20900.00,21350.00,20700.00,19480000.00,0.04
7/29/2022,21350.00,21300.00,21650.00,21050.00,20790000.00,0.01
8/1/2022,22800.00,21350.00,22800.00,21350.00,29170000.00,0.07
8/2/2022,23200.00,23000.00,23650.00,22900.00,35530000.00,0.02
8/3/2022,23550.00,22900.00,23700.00,22850.00,22270000.00,0.02
8/4/2022,23550.00,23800.00,23900.00,23000.00,20940000.00,0.00
8/5/2022,24800.00,23350.00,25100.00,23250.00,28990000.00,0.05
8/8/2022,24650.00,25150.00,25350.00,24350.00,21250000.00,-0.01
8/9/2022,24800.00,24700.00,24950.00,24350.00,14950000.00,0.01
8/10/2022,24550.00,24550.00,25000.00,24450.00,14580000.00,-0.01
8/11/2022,24400.00,24850.00,25200.00,23800.00,28050000.00,-0.01
8/12/2022,24900.00,24350.00,24900.00,24050.00,17180000.00,0.02
8/15/2022,24750.00,25150.00,25300.00,24600.00,14580000.00,-0.01
8/16/2022,24600.00,24750.00,25000.00,24450.00,11760000.00,-0.01
8/17/2022,24550.00,24800.00,25150.00,24500.00,21210000.00,0.00
8/18/2022,25100.00,24300.00,25500.00,24300.00,28630000.00,0.02
8/19/2022,25150.00,25100.00,25450.00,24900.00,15750000.00,0.00
8/22/2022,24700.00,25150.00,25350.00,24600.00,16750000.00,-0.02
8/23/2022,25400.00,24300.00,25400.00,23800.00,32420000.00,0.03
8/24/2022,25250.00,25650.00,25700.00,25150.00,13470000.00,-0.01
8/25/2022,25500.00,25350.00,26000.00,25350.00,14780000.00,0.01
8/26/2022,24800.00,25500.00,25650.00,24800.00,23270000.00,-0.03
8/29/2022,24400.00,24200.00,24400.00,23550.00,28610000.00,-0.02
8/30/2022,23950.00,24650.00,24800.00,23900.00,12090000.00,-0.02
8/31/2022,24000.00,23700.00,24200.00,23700.00,10850000.00,0.00
9/5/2022,23700.00,24100.00,24300.00,23700.00,10160000.00,-0.01
9/6/2022,23750.00,23850.00,24150.00,23500.00,11030000.00,0.00
9/7/2022,22550.00,23700.00,23950.00,22550.00,23210000.00,-0.05
9/8/2022,22050.00,22950.00,23000.00,22050.00,15980000.00,-0.02
9/9/2022,22200.00,22000.00,22200.00,21300.00,33440000.00,0.01
9/12/2022,21850.00,22500.00,22500.00,21850.00,12000000.00,-0.02
9/13/2022,21650.00,21850.00,22050.00,21200.00,18970000.00,-0.01
9/14/2022,21950.00,21000.00,22150.00,21000.00,25850000.00,0.01
9/15/2022,21650.00,22100.00,22100.00,21600.00,9450000.00,-0.01
9/16/2022,21150.00,21500.00,21700.00,21050.00,19470000.00,-0.02
9/19/2022,19900.00,21150.00,21150.00,19900.00,22690000.00,-0.06
9/20/2022,20700.00,20200.00,20750.00,19900.00,14150000.00,0.04
9/21/2022,20550.00,20500.00,20800.00,20350.00,8380000.00,-0.01
9/22/2022,21100.00,20300.00,21200.00,20200.00,17210000.00,0.03
9/23/2022,20650.00,21000.00,21300.00,20550.00,10810000.00,-0.02
9/26/2022,19500.00,20050.00,20300.00,19250.00,22910000.00,-0.06
9/27/2022,19550.00,19700.00,20000.00,19500.00,10950000.00,0.00
9/28/2022,19750.00,19400.00,20050.00,19400.00,14120000.00,0.01
9/29/2022,19300.00,20200.00,20200.00,19300.00,11340000.00,-0.02
9/30/2022,19800.00,19150.00,19800.00,18300.00,20630000.00,0.03
10/3/2022,18450.00,19600.00,19650.00,18450.00,15840000.00,-0.07
10/4/2022,17800.00,18900.00,19100.00,17600.00,15610000.00,-0.04
10/5/2022,18650.00,18350.00,18800.00,18200.00,13620000.00,0.05
10/6/2022,17400.00,18650.00,18650.00,17400.00,12070000.00,-0.07
10/7/2022,16800.00,17050.00,17100.00,16200.00,24130000.00,-0.03
10/10/2022,17400.00,16750.00,17700.00,16550.00,17620000.00,0.04
10/11/2022,16200.00,17050.00,17400.00,16200.00,16400000.00,-0.07
10/12/2022,17250.00,16400.00,17300.00,16250.00,18580000.00,0.06
10/13/2022,17500.00,17250.00,17700.00,17000.00,12490000.00,0.01
10/14/2022,17900.00,18000.00,18400.00,17800.00,22040000.00,0.02
10/17/2022,18000.00,17600.00,18000.00,17250.00,13720000.00,0.01
10/18/2022,17800.00,18400.00,18500.00,17700.00,18800000.00,-0.01
10/19/2022,17650.00,17900.00,18000.00,17500.00,12350000.00,-0.01
10/20/2022,17400.00,17500.00,17850.00,17250.00,11210000.00,-0.01
10/21/2022,16200.00,17400.00,17450.00,16200.00,28080000.00,-0.07
10/24/2022,15100.00,16300.00,16400.00,15100.00,23350000.00,-0.07
10/25/2022,15050.00,15100.00,16050.00,14300.00,23000000.00,0.00
10/26/2022,14850.00,15300.00,15600.00,14700.00,9010000.00,-0.01
10/27/2022,15850.00,15100.00,15850.00,15000.00,21710000.00,0.07
10/28/2022,15900.00,16200.00,16400.00,15850.00,16260000.00,0.00
10/31/2022,16300.00,15900.00,16400.00,15200.00,20500000.00,0.03
11/1/2022,16950.00,16600.00,17050.00,16300.00,22330000.00,0.04
11/2/2022,16500.00,16950.00,17050.00,16500.00,15910000.00,-0.03
11/3/2022,16500.00,16200.00,16800.00,16150.00,11300000.00,0.00
11/4/2022,15350.00,16250.00,16300.00,15350.00,25310000.00,-0.07
11/7/2022,14300.00,15250.00,15500.00,14300.00,21170000.00,-0.07
11/8/2022,15000.00,13800.00,15150.00,13800.00,16380000.00,0.05
11/9/2022,14900.00,15150.00,15600.00,14900.00,8620000.00,-0.01
11/10/2022,13900.00,14700.00,14800.00,13900.00,18410000.00,-0.07
11/11/2022,14100.00,14300.00,14600.00,13800.00,19860000.00,0.01
11/14/2022,14250.00,13800.00,14500.00,13200.00,20560000.00,0.01
11/15/2022,13900.00,14000.00,14250.00,13300.00,24240000.00,-0.02
11/16/2022,14850.00,13100.00,14850.00,13050.00,27000000.00,0.07
11/17/2022,15800.00,15150.00,15850.00,15100.00,23380000.00,0.06
11/18/2022,16250.00,15750.00,16600.00,15350.00,34600000.00,0.03
11/21/2022,16100.00,16450.00,16500.00,15950.00,12530000.00,-0.01
11/22/2022,16350.00,15900.00,17000.00,15900.00,29660000.00,0.02
11/23/2022,15800.00,16200.00,16450.00,15800.00,13130000.00,-0.03
11/24/2022,16000.00,15450.00,16000.00,15250.00,16230000.00,0.01
11/25/2022,17100.00,16400.00,17100.00,16150.00,22570000.00,0.07
11/28/2022,18250.00,17500.00,18250.00,17500.00,32640000.00,0.07
11/29/2022,18950.00,18500.00,19150.00,18000.00,32280000.00,0.04
11/30/2022,19250.00,18700.00,19400.00,18450.00,29650000.00,0.02
12/1/2022,18200.00,19500.00,19650.00,18200.00,37110000.00,-0.05
